latitude,longitude,price_per_gallon,name
46.991318,-122.650701,4.147,Hub corridor stop (0-2)
46.127149,-122.310282,3.491,Hub corridor stop (0-2)
45.330539,-122.342868,2.736,Hub corridor stop (0-2)
44.806988,-122.743674,2.859,Hub corridor stop (0-2)
44.014095,-122.069361,2.935,Hub corridor stop (0-2)
43.086695,-122.255822,4.830,Hub corridor stop (0-2)
42.547896,-122.470484,4.895,Hub corridor stop (0-2)
41.390028,-122.061858,3.316,Hub corridor stop (0-2)
40.671895,-122.735451,3.360,Hub corridor stop (0-2)
40.355700,-122.685794,3.988,Hub corridor stop (0-2)
39.445147,-122.520274,3.910,Hub corridor stop (0-2)
38.255356,-122.808775,3.124,Hub corridor stop (0-2)
47.054780,-122.192847,3.373,Hub corridor stop (0-3)
46.039613,-121.883626,3.339,Hub corridor stop (0-3)
45.101466,-121.335325,3.211,Hub corridor stop (0-3)
43.863177,-121.164671,4.663,Hub corridor stop (0-3)
42.887372,-121.051132,4.904,Hub corridor stop (0-3)
41.375086,-120.606893,4.391,Hub corridor stop (0-3)
40.314509,-120.216065,2.740,Hub corridor stop (0-3)
39.591551,-119.640946,3.968,Hub corridor stop (0-3)
38.652314,-119.719615,4.249,Hub corridor stop (0-3)
37.371219,-119.153010,3.699,Hub corridor stop (0-3)
36.458817,-118.497631,3.740,Hub corridor stop (0-3)
35.251427,-118.966170,4.263,Hub corridor stop (0-3)
46.964665,-121.629764,4.540,Hub corridor stop (0-4)
45.668557,-121.814368,4.188,Hub corridor stop (0-4)
44.293894,-121.332374,3.037,Hub corridor stop (0-4)
43.168827,-121.281161,4.417,Hub corridor stop (0-4)
41.986158,-120.697687,3.549,Hub corridor stop (0-4)
41.314375,-120.434337,3.683,Hub corridor stop (0-4)
39.897748,-119.298135,4.534,Hub corridor stop (0-4)
38.926689,-119.428921,3.605,Hub corridor stop (0-4)
37.381800,-118.470046,4.853,Hub corridor stop (0-4)
36.045065,-118.693544,3.184,Hub corridor stop (0-4)
34.911515,-118.001994,4.005,Hub corridor stop (0-4)
33.740863,-118.021096,3.614,Hub corridor stop (0-4)
46.942863,-121.912778,4.842,Hub corridor stop (0-5)
46.367190,-121.455082,4.070,Hub corridor stop (0-5)
45.442280,-121.295046,4.719,Hub corridor stop (0-5)
44.600015,-119.981194,4.485,Hub corridor stop (0-5)
43.413797,-119.833791,2.888,Hub corridor stop (0-5)
42.668231,-119.561465,2.805,Hub corridor stop (0-5)
41.455458,-118.896031,3.432,Hub corridor stop (0-5)
40.431223,-118.466510,2.998,Hub corridor stop (0-5)
39.550541,-117.564087,2.709,Hub corridor stop (0-5)
39.176645,-116.763290,2.992,Hub corridor stop (0-5)
37.826288,-116.427917,3.488,Hub corridor stop (0-5)
36.820794,-115.401141,4.934,Hub corridor stop (0-5)
47.189043,-121.479559,2.848,Hub corridor stop (0-6)
46.383691,-120.392712,3.259,Hub corridor stop (0-6)
46.262999,-119.168445,2.703,Hub corridor stop (0-6)
45.719130,-117.450964,2.987,Hub corridor stop (0-6)
44.804301,-116.514714,3.865,Hub corridor stop (0-6)
44.479671,-114.374715,4.251,Hub corridor stop (0-6)
43.348141,-113.434334,3.034,Hub corridor stop (0-6)
43.076357,-111.897687,4.442,Hub corridor stop (0-6)
42.137405,-110.788938,4.516,Hub corridor stop (0-6)
41.966728,-108.834966,4.504,Hub corridor stop (0-6)
41.220753,-107.549102,3.172,Hub corridor stop (0-6)
40.380907,-106.507638,2.717,Hub corridor stop (0-6)
47.144336,-121.077268,3.246,Hub corridor stop (0-7)
47.425557,-118.433184,3.679,Hub corridor stop (0-7)
47.386435,-116.079446,4.847,Hub corridor stop (0-7)
46.775493,-114.444896,3.172,Hub corridor stop (0-7)
46.447670,-112.134008,4.085,Hub corridor stop (0-7)
46.729920,-109.236184,3.753,Hub corridor stop (0-7)
46.346517,-106.947529,2.845,Hub corridor stop (0-7)
46.141570,-104.523041,4.449,Hub corridor stop (0-7)
45.993986,-102.586243,3.061,Hub corridor stop (0-7)
45.811011,-100.391839,4.492,Hub corridor stop (0-7)
45.728504,-98.009481,3.573,Hub corridor stop (0-7)
45.500830,-95.388049,3.041,Hub corridor stop (0-7)
47.058722,-120.910949,4.731,Hub corridor stop (0-8)
47.133379,-118.486267,4.551,Hub corridor stop (0-8)
46.796794,-115.250099,3.456,Hub corridor stop (0-8)
46.036394,-112.947571,2.683,Hub corridor stop (0-8)
45.873707,-109.704565,3.861,Hub corridor stop (0-8)
45.389373,-107.122660,4.655,Hub corridor stop (0-8)
44.855897,-104.546966,3.229,Hub corridor stop (0-8)
44.024417,-101.744235,3.999,Hub corridor stop (0-8)
43.542647,-98.807425,2.951,Hub corridor stop (0-8)
43.539856,-96.089946,3.704,Hub corridor stop (0-8)
42.852940,-92.818301,3.617,Hub corridor stop (0-8)
42.628753,-90.404500,3.873,Hub corridor stop (0-8)
47.358915,-120.800951,3.662,Hub corridor stop (0-9)
46.751400,-118.064205,4.488,Hub corridor stop (0-9)
46.321883,-114.498696,4.318,Hub corridor stop (0-9)
46.168789,-111.488552,3.842,Hub corridor stop (0-9)
45.746081,-107.933187,2.894,Hub corridor stop (0-9)
45.327495,-105.272483,3.287,Hub corridor stop (0-9)
45.053887,-101.896281,3.942,Hub corridor stop (0-9)
44.623315,-98.389081,3.669,Hub corridor stop (0-9)
44.098106,-95.612418,3.828,Hub corridor stop (0-9)
43.732264,-92.517401,3.877,Hub corridor stop (0-9)
43.159993,-88.934257,4.258,Hub corridor stop (0-9)
43.016959,-85.790741,3.247,Hub corridor stop (0-9)
47.222535,-120.545485,4.582,Hub corridor stop (0-10)
46.331414,-119.342220,3.667,Hub corridor stop (0-10)
45.605682,-117.014825,2.818,Hub corridor stop (0-10)
45.343011,-114.305578,4.713,Hub corridor stop (0-10)
44.301973,-112.146332,4.169,Hub corridor stop (0-10)
43.613425,-109.776010,4.875,Hub corridor stop (0-10)
42.986531,-107.493026,3.566,Hub corridor stop (0-10)
42.493383,-105.239116,4.565,Hub corridor stop (0-10)
41.584806,-103.521350,3.836,Hub corridor stop (0-10)
41.028641,-101.513270,3.383,Hub corridor stop (0-10)
40.616246,-99.451625,3.924,Hub corridor stop (0-10)
39.738541,-97.232606,3.412,Hub corridor stop (0-10)
46.800659,-120.972949,2.798,Hub corridor stop (0-11)
45.804262,-118.837097,4.885,Hub corridor stop (0-11)
43.760386,-117.150632,2.741,Hub corridor stop (0-11)
42.804674,-114.989255,2.948,Hub corridor stop (0-11)
41.127290,-112.255400,4.534,Hub corridor stop (0-11)
39.585074,-110.784257,4.764,Hub corridor stop (0-11)
38.375800,-108.131328,2.856,Hub corridor stop (0-11)
36.588989,-105.985335,3.628,Hub corridor stop (0-11)
35.171746,-103.603221,4.109,Hub corridor stop (0-11)
34.254532,-102.215384,4.619,Hub corridor stop (0-11)
32.312364,-99.357271,3.694,Hub corridor stop (0-11)
31.075470,-97.479026,4.781,Hub corridor stop (0-11)
46.702227,-121.389043,3.862,Hub corridor stop (0-12)
45.643565,-119.619382,3.021,Hub corridor stop (0-12)
44.325566,-117.493489,3.368,Hub corridor stop (0-12)
43.317444,-114.948724,3.317,Hub corridor stop (0-12)
42.267642,-113.429354,3.448,Hub corridor stop (0-12)
40.743934,-111.321252,2.685,Hub corridor stop (0-12)
40.058016,-109.007904,3.086,Hub corridor stop (0-12)
38.690832,-106.619861,2.894,Hub corridor stop (0-12)
37.745384,-105.029272,3.789,Hub corridor stop (0-12)
36.570010,-103.021647,3.815,Hub corridor stop (0-12)
35.280839,-100.448420,3.438,Hub corridor stop (0-12)
34.195661,-98.653755,4.113,Hub corridor stop (0-12)
46.447263,-120.362288,2.775,Hub corridor stop (0-13)
44.725733,-117.661613,4.354,Hub corridor stop (0-13)
43.066216,-114.207118,2.844,Hub corridor stop (0-13)
41.728628,-110.199332,4.192,Hub corridor stop (0-13)
39.589533,-107.393600,3.324,Hub corridor stop (0-13)
37.966237,-104.098588,3.675,Hub corridor stop (0-13)
36.081330,-100.003536,4.887,Hub corridor stop (0-13)
34.532451,-97.277918,4.871,Hub corridor stop (0-13)
32.618624,-93.805770,2.652,Hub corridor stop (0-13)
30.921519,-90.328293,3.806,Hub corridor stop (0-13)
29.047506,-86.929986,2.661,Hub corridor stop (0-13)
27.344178,-83.932246,3.569,Hub corridor stop (0-13)
46.592507,-120.864650,3.350,Hub corridor stop (0-14)
45.756303,-117.701783,3.867,Hub corridor stop (0-14)
45.010138,-114.601491,4.297,Hub corridor stop (0-14)
43.991547,-111.807187,3.400,Hub corridor stop (0-14)
42.956918,-108.987707,4.316,Hub corridor stop (0-14)
41.609286,-106.047287,4.571,Hub corridor stop (0-14)
40.674816,-102.486569,4.338,Hub corridor stop (0-14)
39.510433,-99.890263,3.855,Hub corridor stop (0-14)
38.186364,-96.228668,4.501,Hub corridor stop (0-14)
37.303214,-93.418929,4.704,Hub corridor stop (0-14)
36.094179,-90.285062,3.179,Hub corridor stop (0-14)
34.529388,-87.753744,3.480,Hub corridor stop (0-14)
46.894692,-119.765101,3.935,Hub corridor stop (0-15)
46.651757,-116.783072,4.216,Hub corridor stop (0-15)
45.858906,-113.720077,4.485,Hub corridor stop (0-15)
45.344266,-109.646770,3.881,Hub corridor stop (0-15)
44.586070,-106.416383,4.345,Hub corridor stop (0-15)
43.605175,-102.785207,3.261,Hub corridor stop (0-15)
43.243255,-99.043900,4.352,Hub corridor stop (0-15)
42.719815,-95.160426,3.530,Hub corridor stop (0-15)
41.676187,-91.366037,4.414,Hub corridor stop (0-15)
41.076842,-87.779261,2.828,Hub corridor stop (0-15)
40.052238,-84.505586,4.359,Hub corridor stop (0-15)
39.466212,-80.599530,2.679,Hub corridor stop (0-15)
46.953993,-120.123900,4.196,Hub corridor stop (0-16)
46.913522,-116.374831,3.319,Hub corridor stop (0-16)
46.239095,-112.698683,3.723,Hub corridor stop (0-16)
45.409000,-108.446495,3.108,Hub corridor stop (0-16)
45.459264,-104.542075,2.690,Hub corridor stop (0-16)
44.544384,-100.780708,4.877,Hub corridor stop (0-16)
43.986248,-97.410736,3.133,Hub corridor stop (0-16)
43.782071,-93.596802,3.987,Hub corridor stop (0-16)
42.667906,-89.448693,4.841,Hub corridor stop (0-16)
42.110040,-85.316069,3.820,Hub corridor stop (0-16)
42.086548,-81.555173,3.182,Hub corridor stop (0-16)
41.542666,-77.884561,2.707,Hub corridor stop (0-16)
46.996408,-119.775914,3.687,Hub corridor stop (0-17)
46.838034,-116.502680,3.441,Hub corridor stop (0-17)
46.428235,-111.771252,2.654,Hub corridor stop (0-17)
46.312806,-107.670404,2.926,Hub corridor stop (0-17)
46.016083,-103.682027,4.724,Hub corridor stop (0-17)
45.150799,-99.886892,3.554,Hub corridor stop (0-17)
45.227383,-95.589777,3.480,Hub corridor stop (0-17)
44.408177,-91.770540,2.761,Hub corridor stop (0-17)
43.760049,-87.165116,3.307,Hub corridor stop (0-17)
43.924077,-83.590076,3.261,Hub corridor stop (0-17)
43.207150,-79.541748,3.509,Hub corridor stop (0-17)
43.099104,-74.814916,4.518,Hub corridor stop (0-17)
47.315147,-119.601674,4.814,Hub corridor stop (0-18)
46.722228,-116.474457,2.764,Hub corridor stop (0-18)
46.238127,-112.942946,4.381,Hub corridor stop (0-18)
45.564335,-109.317781,2.763,Hub corridor stop (0-18)
45.149648,-105.687436,3.736,Hub corridor stop (0-18)
44.129180,-101.760669,4.350,Hub corridor stop (0-18)
43.959735,-98.021160,4.159,Hub corridor stop (0-18)
42.874625,-93.980370,3.557,Hub corridor stop (0-18)
42.168885,-90.563117,3.128,Hub corridor stop (0-18)
42.073636,-86.487888,3.156,Hub corridor stop (0-18)
41.461558,-82.265076,3.685,Hub corridor stop (0-18)
40.312605,-79.215386,2.859,Hub corridor stop (0-18)
44.831419,-122.824680,3.200,Hub corridor stop (1-3)
43.970490,-122.083580,4.691,Hub corridor stop (1-3)
43.397360,-121.869957,3.602,Hub corridor stop (1-3)
42.322478,-121.547505,3.428,Hub corridor stop (1-3)
41.081962,-121.282143,4.876,Hub corridor stop (1-3)
40.209592,-120.724076,4.098,Hub corridor stop (1-3)
39.808443,-120.627989,3.273,Hub corridor stop (1-3)
38.461318,-120.107799,3.675,Hub corridor stop (1-3)
38.038121,-119.348989,4.658,Hub corridor stop (1-3)
36.468587,-119.729009,4.282,Hub corridor stop (1-3)
36.163268,-118.977311,4.001,Hub corridor stop (1-3)
34.619365,-118.696107,4.782,Hub corridor stop (1-3)
45.103137,-122.082619,4.886,Hub corridor stop (1-4)
43.803186,-122.368183,3.005,Hub corridor stop (1-4)
42.970956,-121.411072,4.815,Hub corridor stop (1-4)
42.086555,-121.000943,4.409,Hub corridor stop (1-4)
40.877508,-120.645821,2.741,Hub corridor stop (1-4)
40.081029,-120.491469,4.766,Hub corridor stop (1-4)
38.961314,-119.986000,2.944,Hub corridor stop (1-4)
37.661756,-119.245358,4.257,Hub corridor stop (1-4)
36.540033,-119.313319,3.856,Hub corridor stop (1-4)
35.845604,-118.585978,3.164,Hub corridor stop (1-4)
34.834363,-118.484453,3.343,Hub corridor stop (1-4)
33.712143,-117.189438,4.133,Hub corridor stop (1-4)
45.316577,-122.323696,3.190,Hub corridor stop (1-5)
44.216705,-121.359215,4.271,Hub corridor stop (1-5)
43.511318,-121.601071,3.796,Hub corridor stop (1-5)
43.020640,-120.639578,3.242,Hub corridor stop (1-5)
42.268041,-119.581859,3.172,Hub corridor stop (1-5)
41.077136,-119.507170,3.617,Hub corridor stop (1-5)
40.783441,-119.030056,4.483,Hub corridor stop (1-5)
40.075410,-118.150849,3.122,Hub corridor stop (1-5)
39.489297,-117.721608,4.536,Hub corridor stop (1-5)
38.224338,-117.199765,4.399,Hub corridor stop (1-5)
37.521601,-115.939242,3.790,Hub corridor stop (1-5)
36.698643,-115.991896,3.609,Hub corridor stop (1-5)
45.342106,-121.390110,2.987,Hub corridor stop (1-6)
44.747502,-120.814174,4.890,Hub corridor stop (1-6)
44.109338,-119.544124,2.788,Hub corridor stop (1-6)
43.823245,-117.367381,4.682,Hub corridor stop (1-6)
43.598747,-115.862907,4.793,Hub corridor stop (1-6)
42.854230,-115.178675,4.803,Hub corridor stop (1-6)
42.684096,-113.901884,4.178,Hub corridor stop (1-6)
41.964634,-112.179045,3.413,Hub corridor stop (1-6)
41.356003,-111.097908,3.294,Hub corridor stop (1-6)
41.021467,-108.825481,2.935,Hub corridor stop (1-6)
40.988350,-108.083734,3.470,Hub corridor stop (1-6)
40.426382,-106.115541,3.645,Hub corridor stop (1-6)
45.172810,-121.231612,3.507,Hub corridor stop (1-7)
45.744366,-119.425068,3.488,Hub corridor stop (1-7)
45.685615,-117.218466,3.595,Hub corridor stop (1-7)
45.583005,-114.202647,2.743,Hub corridor stop (1-7)
44.996134,-112.483254,4.766,Hub corridor stop (1-7)
45.108655,-109.513946,4.717,Hub corridor stop (1-7)
45.123101,-107.588349,4.853,Hub corridor stop (1-7)
45.274645,-105.244405,4.298,Hub corridor stop (1-7)
45.021307,-102.879221,2.659,Hub corridor stop (1-7)
45.285733,-99.949402,4.108,Hub corridor stop (1-7)
45.374059,-98.399313,3.188,Hub corridor stop (1-7)
45.003424,-95.206972,4.844,Hub corridor stop (1-7)
45.253905,-121.150028,3.639,Hub corridor stop (1-8)
45.074180,-118.087279,3.071,Hub corridor stop (1-8)
44.999578,-115.454041,4.542,Hub corridor stop (1-8)
44.687779,-112.768263,3.404,Hub corridor stop (1-8)
44.079528,-110.185231,4.449,Hub corridor stop (1-8)
43.620186,-107.529435,4.382,Hub corridor stop (1-8)
43.447023,-104.844868,2.728,Hub corridor stop (1-8)
43.369756,-101.806057,4.905,Hub corridor stop (1-8)
43.310404,-98.406311,3.259,Hub corridor stop (1-8)
42.459862,-96.404684,3.796,Hub corridor stop (1-8)
42.606876,-93.285309,3.189,Hub corridor stop (1-8)
42.110856,-90.325411,4.200,Hub corridor stop (1-8)
45.529594,-120.384482,4.178,Hub corridor stop (1-9)
44.867959,-117.615704,3.326,Hub corridor stop (1-9)
44.925259,-114.866206,4.348,Hub corridor stop (1-9)
44.413169,-111.808586,3.214,Hub corridor stop (1-9)
44.126358,-108.064913,3.980,Hub corridor stop (1-9)
43.992765,-105.333593,4.933,Hub corridor stop (1-9)
43.864751,-102.311205,4.509,Hub corridor stop (1-9)
43.712249,-98.456980,2.885,Hub corridor stop (1-9)
43.332550,-95.441040,4.583,Hub corridor stop (1-9)
43.385575,-92.971298,3.325,Hub corridor stop (1-9)
42.574260,-89.666400,4.888,Hub corridor stop (1-9)
42.644340,-85.829252,3.506,Hub corridor stop (1-9)
45.450714,-121.319208,3.248,Hub corridor stop (1-10)
44.939783,-118.905292,2.893,Hub corridor stop (1-10)
44.299403,-116.950487,3.151,Hub corridor stop (1-10)
43.626956,-115.133223,3.119,Hub corridor stop (1-10)
43.034060,-112.472991,4.149,Hub corridor stop (1-10)
42.484789,-110.754246,3.403,Hub corridor stop (1-10)
42.303964,-108.349873,3.368,Hub corridor stop (1-10)
41.458285,-105.552767,3.911,Hub corridor stop (1-10)
40.846950,-103.929287,3.559,Hub corridor stop (1-10)
40.674516,-101.197288,2.860,Hub corridor stop (1-10)
39.890763,-98.898703,3.593,Hub corridor stop (1-10)
39.461251,-96.999748,4.842,Hub corridor stop (1-10)
44.596113,-121.253102,3.472,Hub corridor stop (1-11)
43.566136,-119.073546,4.942,Hub corridor stop (1-11)
42.268887,-117.489199,4.324,Hub corridor stop (1-11)
40.896423,-115.476703,4.724,Hub corridor stop (1-11)
39.790100,-112.558972,3.584,Hub corridor stop (1-11)
38.851075,-110.697800,3.024,Hub corridor stop (1-11)
36.983088,-108.431535,4.124,Hub corridor stop (1-11)
36.349176,-106.663112,4.081,Hub corridor stop (1-11)
34.711527,-104.104535,2.986,Hub corridor stop (1-11)
33.389859,-101.904821,4.779,Hub corridor stop (1-11)
32.007323,-99.747717,4.501,Hub corridor stop (1-11)
31.347597,-97.826880,2.941,Hub corridor stop (1-11)
45.188428,-120.956338,3.760,Hub corridor stop (1-12)
43.673942,-119.189081,3.542,Hub corridor stop (1-12)
43.250455,-117.393811,4.546,Hub corridor stop (1-12)
41.710613,-115.174365,3.161,Hub corridor stop (1-12)
40.862479,-113.049380,4.557,Hub corridor stop (1-12)
39.688336,-111.544261,3.569,Hub corridor stop (1-12)
38.903705,-109.324853,2.933,Hub corridor stop (1-12)
37.695041,-106.947166,4.714,Hub corridor stop (1-12)
36.531789,-105.022939,4.392,Hub corridor stop (1-12)
35.510630,-102.704152,2.921,Hub corridor stop (1-12)
34.884524,-100.892977,4.092,Hub corridor stop (1-12)
33.660130,-98.939447,3.990,Hub corridor stop (1-12)
44.475543,-120.411112,3.678,Hub corridor stop (1-13)
43.101627,-118.008970,4.073,Hub corridor stop (1-13)
41.557151,-114.419354,4.406,Hub corridor stop (1-13)
40.180202,-110.819692,3.063,Hub corridor stop (1-13)
38.385193,-107.736856,2.945,Hub corridor stop (1-13)
36.775079,-104.351754,3.667,Hub corridor stop (1-13)
35.250493,-100.998678,4.114,Hub corridor stop (1-13)
33.370669,-96.976308,4.439,Hub corridor stop (1-13)
32.090857,-94.188674,3.809,Hub corridor stop (1-13)
30.417044,-89.982803,2.963,Hub corridor stop (1-13)
29.172209,-86.543144,4.334,Hub corridor stop (1-13)
27.562473,-83.866391,4.908,Hub corridor stop (1-13)
44.921199,-120.352905,4.757,Hub corridor stop (1-14)
43.868834,-117.824009,4.790,Hub corridor stop (1-14)
42.857821,-115.154512,4.389,Hub corridor stop (1-14)
41.981801,-111.600204,3.282,Hub corridor stop (1-14)
41.500307,-109.214641,3.805,Hub corridor stop (1-14)
40.632007,-106.093133,3.255,Hub corridor stop (1-14)
39.400981,-102.930222,2.735,Hub corridor stop (1-14)
38.232947,-100.009054,4.804,Hub corridor stop (1-14)
37.639960,-96.285056,3.038,Hub corridor stop (1-14)
36.772297,-93.924125,3.871,Hub corridor stop (1-14)
35.727015,-90.640663,4.658,Hub corridor stop (1-14)
34.728922,-87.379193,4.680,Hub corridor stop (1-14)
44.908026,-119.952666,4.098,Hub corridor stop (1-15)
44.648219,-116.933516,3.259,Hub corridor stop (1-15)
44.536949,-113.480476,3.479,Hub corridor stop (1-15)
43.850207,-109.950727,3.057,Hub corridor stop (1-15)
43.306836,-106.653998,4.536,Hub corridor stop (1-15)
42.435237,-102.470826,4.913,Hub corridor stop (1-15)
42.139149,-98.797491,3.369,Hub corridor stop (1-15)
41.201654,-95.713086,2.994,Hub corridor stop (1-15)
41.102996,-91.703170,3.829,Hub corridor stop (1-15)
40.770000,-88.322039,3.173,Hub corridor stop (1-15)
40.071656,-84.769479,2.656,Hub corridor stop (1-15)
39.334314,-81.042494,3.471,Hub corridor stop (1-15)
45.082061,-120.169548,4.005,Hub corridor stop (1-16)
44.731841,-116.726175,3.742,Hub corridor stop (1-16)
44.299044,-112.550988,3.210,Hub corridor stop (1-16)
43.925047,-109.413904,4.118,Hub corridor stop (1-16)
44.046236,-104.902395,3.574,Hub corridor stop (1-16)
43.237112,-101.702198,4.133,Hub corridor stop (1-16)
43.061584,-97.503453,4.135,Hub corridor stop (1-16)
42.594388,-93.081519,4.337,Hub corridor stop (1-16)
42.073516,-89.218015,2.751,Hub corridor stop (1-16)
41.887445,-85.771986,3.197,Hub corridor stop (1-16)
41.172049,-81.542599,2.678,Hub corridor stop (1-16)
41.132638,-77.502963,2.977,Hub corridor stop (1-16)
45.147108,-120.000150,3.816,Hub corridor stop (1-17)
45.235687,-116.202017,3.052,Hub corridor stop (1-17)
44.750748,-112.534260,2.762,Hub corridor stop (1-17)
44.904319,-107.970263,4.295,Hub corridor stop (1-17)
44.033809,-103.785391,4.364,Hub corridor stop (1-17)
44.102642,-99.748241,3.691,Hub corridor stop (1-17)
43.682712,-96.191506,3.184,Hub corridor stop (1-17)
43.299312,-91.854736,4.374,Hub corridor stop (1-17)
43.506308,-87.266340,4.287,Hub corridor stop (1-17)
42.953515,-83.399171,3.653,Hub corridor stop (1-17)
43.066831,-79.297100,3.260,Hub corridor stop (1-17)
42.711910,-74.769833,3.149,Hub corridor stop (1-17)
45.503102,-120.739035,3.249,Hub corridor stop (1-18)
44.662965,-116.757325,4.823,Hub corridor stop (1-18)
44.574986,-113.331576,4.674,Hub corridor stop (1-18)
43.837660,-109.609453,4.737,Hub corridor stop (1-18)
43.604151,-105.400089,4.180,Hub corridor stop (1-18)
43.402965,-101.800048,4.581,Hub corridor stop (1-18)
42.760981,-97.649766,3.656,Hub corridor stop (1-18)
42.334876,-94.107174,3.358,Hub corridor stop (1-18)
41.531008,-90.259064,2.829,Hub corridor stop (1-18)
41.575177,-86.888233,2.712,Hub corridor stop (1-18)
40.567291,-82.381258,3.443,Hub corridor stop (1-18)
40.146897,-79.390397,2.746,Hub corridor stop (1-18)
37.656778,-122.035995,4.253,Hub corridor stop (2-4)
37.333546,-122.179215,4.008,Hub corridor stop (2-4)
36.667444,-121.081935,4.535,Hub corridor stop (2-4)
36.632220,-121.337722,4.646,Hub corridor stop (2-4)
36.243674,-120.126519,2.896,Hub corridor stop (2-4)
35.342858,-120.454975,2.729,Hub corridor stop (2-4)
35.387518,-119.404267,4.109,Hub corridor stop (2-4)
34.966922,-119.146037,3.311,Hub corridor stop (2-4)
34.054558,-119.205680,4.392,Hub corridor stop (2-4)
33.723403,-118.585867,3.625,Hub corridor stop (2-4)
33.189815,-118.221396,3.300,Hub corridor stop (2-4)
33.271470,-117.700542,3.388,Hub corridor stop (2-4)
38.019449,-122.052056,4.608,Hub corridor stop (2-5)
37.665093,-121.967965,3.600,Hub corridor stop (2-5)
37.409415,-120.717757,3.448,Hub corridor stop (2-5)
37.468762,-120.347020,3.148,Hub corridor stop (2-5)
37.450668,-120.166943,4.536,Hub corridor stop (2-5)
36.837960,-119.665207,3.115,Hub corridor stop (2-5)
37.123827,-118.203929,2.660,Hub corridor stop (2-5)
36.805476,-118.059304,4.483,Hub corridor stop (2-5)
36.462663,-117.474149,3.449,Hub corridor stop (2-5)
36.787385,-117.102386,4.821,Hub corridor stop (2-5)
36.275311,-116.561293,4.259,Hub corridor stop (2-5)
36.297121,-116.073237,4.114,Hub corridor stop (2-5)
37.579733,-121.288822,4.253,Hub corridor stop (2-6)
38.211469,-120.212769,3.468,Hub corridor stop (2-6)
38.098649,-119.028440,4.698,Hub corridor stop (2-6)
38.035225,-117.189648,2.708,Hub corridor stop (2-6)
38.276330,-116.358048,4.723,Hub corridor stop (2-6)
38.640025,-114.859221,4.683,Hub corridor stop (2-6)
38.609839,-113.391451,3.873,Hub corridor stop (2-6)
39.131613,-111.734250,4.136,Hub corridor stop (2-6)
39.004564,-110.723618,3.007,Hub corridor stop (2-6)
39.507942,-109.027394,4.357,Hub corridor stop (2-6)
39.193597,-107.834038,4.429,Hub corridor stop (2-6)
39.637475,-106.721177,3.713,Hub corridor stop (2-6)
38.404633,-121.197534,3.091,Hub corridor stop (2-7)
38.500303,-118.738022,4.590,Hub corridor stop (2-7)
38.973696,-116.898133,3.219,Hub corridor stop (2-7)
39.670306,-114.236207,3.020,Hub corridor stop (2-7)
40.247597,-112.203470,4.893,Hub corridor stop (2-7)
41.104289,-109.949838,4.863,Hub corridor stop (2-7)
41.241555,-107.363302,4.913,Hub corridor stop (2-7)
42.303061,-104.716797,3.650,Hub corridor stop (2-7)
42.460206,-102.470225,2.896,Hub corridor stop (2-7)
43.043615,-100.362549,2.728,Hub corridor stop (2-7)
43.754651,-97.667800,4.245,Hub corridor stop (2-7)
44.401909,-95.478212,3.716,Hub corridor stop (2-7)
37.729329,-120.586582,3.581,Hub corridor stop (2-8)
38.435946,-117.877445,3.639,Hub corridor stop (2-8)
38.647325,-115.237290,3.619,Hub corridor stop (2-8)
38.733791,-112.478314,4.674,Hub corridor stop (2-8)
39.443886,-109.715073,4.611,Hub corridor stop (2-8)
39.706026,-106.984591,3.694,Hub corridor stop (2-8)
39.777674,-104.213359,2.875,Hub corridor stop (2-8)
40.180526,-101.291500,4.290,Hub corridor stop (2-8)
40.655806,-98.987417,3.624,Hub corridor stop (2-8)
40.861968,-95.869892,3.591,Hub corridor stop (2-8)
41.344260,-92.808958,3.071,Hub corridor stop (2-8)
41.657987,-90.162607,3.544,Hub corridor stop (2-8)
37.995613,-120.023562,2.738,Hub corridor stop (2-9)
38.352032,-117.999810,4.448,Hub corridor stop (2-9)
38.994611,-114.527382,2.883,Hub corridor stop (2-9)
39.102912,-111.357860,4.300,Hub corridor stop (2-9)
39.423774,-108.119569,4.557,Hub corridor stop (2-9)
39.794942,-105.175702,4.830,Hub corridor stop (2-9)
39.941343,-101.779204,3.553,Hub corridor stop (2-9)
40.692691,-99.135085,4.914,Hub corridor stop (2-9)
40.772151,-96.044396,3.281,Hub corridor stop (2-9)
41.167619,-92.933486,3.613,Hub corridor stop (2-9)
41.546743,-89.167149,3.460,Hub corridor stop (2-9)
41.802490,-86.443703,4.355,Hub corridor stop (2-9)
38.149092,-121.002991,3.154,Hub corridor stop (2-10)
38.144917,-119.175738,3.138,Hub corridor stop (2-10)
37.780369,-116.602293,4.512,Hub corridor stop (2-10)
38.239853,-114.651733,3.943,Hub corridor stop (2-10)
38.060019,-111.979234,3.462,Hub corridor stop (2-10)
38.454970,-109.882583,4.527,Hub corridor stop (2-10)
38.441467,-108.127276,3.911,Hub corridor stop (2-10)
38.307396,-105.414550,3.466,Hub corridor stop (2-10)
38.921233,-103.696974,3.515,Hub corridor stop (2-10)
38.609232,-101.326898,3.078,Hub corridor stop (2-10)
38.539619,-98.833518,3.297,Hub corridor stop (2-10)
38.815193,-96.984226,3.753,Hub corridor stop (2-10)
37.324120,-120.943349,4.166,Hub corridor stop (2-11)
36.716862,-118.787594,4.615,Hub corridor stop (2-11)
35.861944,-116.714370,4.733,Hub corridor stop (2-11)
35.729667,-115.169150,4.562,Hub corridor stop (2-11)
34.982894,-113.118057,2.676,Hub corridor stop (2-11)
34.564758,-110.377215,3.225,Hub corridor stop (2-11)
33.328418,-108.675149,3.187,Hub corridor stop (2-11)
33.159614,-106.327840,3.001,Hub corridor stop (2-11)
32.607901,-103.763165,3.036,Hub corridor stop (2-11)
31.957675,-101.764174,4.447,Hub corridor stop (2-11)
31.160641,-99.343215,4.463,Hub corridor stop (2-11)
30.638722,-97.806135,4.243,Hub corridor stop (2-11)
37.546547,-120.920559,3.659,Hub corridor stop (2-12)
37.442994,-119.295155,3.258,Hub corridor stop (2-12)
36.589183,-117.619516,3.784,Hub corridor stop (2-12)
36.066322,-115.274743,2.982,Hub corridor stop (2-12)
35.969509,-113.196978,3.891,Hub corridor stop (2-12)
35.829706,-111.589598,4.584,Hub corridor stop (2-12)
35.153408,-109.039440,4.180,Hub corridor stop (2-12)
35.014376,-107.158498,3.613,Hub corridor stop (2-12)
34.698553,-105.378311,4.115,Hub corridor stop (2-12)
34.071556,-103.370699,4.052,Hub corridor stop (2-12)
33.704224,-100.508240,3.410,Hub corridor stop (2-12)
33.513755,-98.837229,3.765,Hub corridor stop (2-12)
37.452533,-120.727513,4.302,Hub corridor stop (2-13)
36.421010,-117.497342,4.632,Hub corridor stop (2-13)
35.278571,-113.996800,3.859,Hub corridor stop (2-13)
34.600606,-110.856019,3.651,Hub corridor stop (2-13)
33.395820,-107.168839,4.551,Hub corridor stop (2-13)
32.344110,-103.544295,3.579,Hub corridor stop (2-13)
31.530660,-100.666520,3.815,Hub corridor stop (2-13)
30.899477,-96.943737,4.471,Hub corridor stop (2-13)
29.487551,-93.869247,3.338,Hub corridor stop (2-13)
28.705384,-90.205085,4.454,Hub corridor stop (2-13)
27.361848,-86.747807,4.687,Hub corridor stop (2-13)
26.754537,-83.975278,3.341,Hub corridor stop (2-13)
37.227952,-120.796883,4.769,Hub corridor stop (2-14)
37.367872,-117.713418,4.465,Hub corridor stop (2-14)
37.256596,-114.712554,4.068,Hub corridor stop (2-14)
36.736418,-111.593845,4.022,Hub corridor stop (2-14)
36.452261,-108.986845,4.184,Hub corridor stop (2-14)
35.974020,-105.449177,2.883,Hub corridor stop (2-14)
35.458341,-103.059792,4.431,Hub corridor stop (2-14)
35.649218,-99.460414,3.498,Hub corridor stop (2-14)
35.263115,-96.300162,3.943,Hub corridor stop (2-14)
34.545818,-93.693700,3.620,Hub corridor stop (2-14)
34.266078,-90.535416,4.126,Hub corridor stop (2-14)
34.374773,-87.831356,3.955,Hub corridor stop (2-14)
37.509081,-120.493313,4.514,Hub corridor stop (2-15)
37.963501,-116.596733,3.677,Hub corridor stop (2-15)
37.661251,-113.444471,4.012,Hub corridor stop (2-15)
38.398348,-109.279594,3.744,Hub corridor stop (2-15)
38.121220,-106.439861,4.132,Hub corridor stop (2-15)
38.071706,-102.764512,2.686,Hub corridor stop (2-15)
38.017044,-98.655115,2.930,Hub corridor stop (2-15)
38.780724,-95.560575,4.650,Hub corridor stop (2-15)
38.285142,-91.993301,4.305,Hub corridor stop (2-15)
38.455037,-87.718498,3.081,Hub corridor stop (2-15)
38.411129,-84.051479,4.291,Hub corridor stop (2-15)
39.065463,-80.460750,2.844,Hub corridor stop (2-15)
38.011831,-119.810418,3.709,Hub corridor stop (2-16)
38.430091,-116.831146,4.868,Hub corridor stop (2-16)
38.514527,-113.176459,2.684,Hub corridor stop (2-16)
38.703000,-108.578039,2.833,Hub corridor stop (2-16)
38.700288,-104.784078,3.032,Hub corridor stop (2-16)
39.320253,-101.129808,2.787,Hub corridor stop (2-16)
39.209904,-97.176965,3.659,Hub corridor stop (2-16)
39.661456,-93.690944,4.484,Hub corridor stop (2-16)
39.676958,-89.367888,4.098,Hub corridor stop (2-16)
39.950279,-85.728052,4.458,Hub corridor stop (2-16)
40.554181,-81.495982,3.954,Hub corridor stop (2-16)
40.332440,-78.274498,4.890,Hub corridor stop (2-16)
38.146446,-119.556707,3.414,Hub corridor stop (2-17)
38.399200,-115.826437,4.562,Hub corridor stop (2-17)
38.762736,-112.319562,3.636,Hub corridor stop (2-17)
39.330443,-108.149451,4.225,Hub corridor stop (2-17)
39.496819,-103.573116,4.507,Hub corridor stop (2-17)
39.640705,-100.269263,3.255,Hub corridor stop (2-17)
40.104954,-95.633961,4.527,Hub corridor stop (2-17)
40.797225,-92.015033,4.566,Hub corridor stop (2-17)
41.111063,-87.163775,3.965,Hub corridor stop (2-17)
41.101346,-83.069356,4.506,Hub corridor stop (2-17)
41.755715,-78.904206,3.448,Hub corridor stop (2-17)
41.702828,-75.119433,4.484,Hub corridor stop (2-17)
37.674086,-119.831524,4.793,Hub corridor stop (2-18)
37.850047,-116.652688,4.209,Hub corridor stop (2-18)
38.186166,-113.232633,3.236,Hub corridor stop (2-18)
38.560450,-108.925726,3.707,Hub corridor stop (2-18)
38.270263,-105.131971,4.426,Hub corridor stop (2-18)
38.546095,-101.555921,4.713,Hub corridor stop (2-18)
39.176870,-97.827543,3.746,Hub corridor stop (2-18)
39.144050,-94.346644,3.092,Hub corridor stop (2-18)
39.032221,-90.105586,3.484,Hub corridor stop (2-18)
39.475054,-86.593966,3.840,Hub corridor stop (2-18)
39.358474,-83.135737,4.943,Hub corridor stop (2-18)
39.690212,-79.300030,4.105,Hub corridor stop (2-18)
34.537693,-117.890491,4.024,Hub corridor stop (3-6)
34.626085,-116.635781,2.697,Hub corridor stop (3-6)
34.863105,-115.151656,4.642,Hub corridor stop (3-6)
35.634981,-114.472282,3.252,Hub corridor stop (3-6)
36.294954,-113.539121,4.827,Hub corridor stop (3-6)
36.741554,-112.125256,4.866,Hub corridor stop (3-6)
36.837237,-111.767849,3.112,Hub corridor stop (3-6)
37.240915,-110.666369,2.767,Hub corridor stop (3-6)
37.959526,-108.897788,3.704,Hub corridor stop (3-6)
38.687364,-107.802188,2.798,Hub corridor stop (3-6)
38.897928,-107.203187,2.926,Hub corridor stop (3-6)
39.605748,-106.269098,3.948,Hub corridor stop (3-6)
34.696923,-116.583987,4.190,Hub corridor stop (3-7)
35.288455,-115.292747,3.017,Hub corridor stop (3-7)
36.563358,-112.805416,3.160,Hub corridor stop (3-7)
36.788410,-111.469388,3.460,Hub corridor stop (3-7)
38.267344,-108.887253,4.576,Hub corridor stop (3-7)
38.542394,-106.995336,4.282,Hub corridor stop (3-7)
39.836193,-104.817893,2.778,Hub corridor stop (3-7)
40.358918,-103.027024,4.811,Hub corridor stop (3-7)
41.605430,-101.439271,4.010,Hub corridor stop (3-7)
42.536184,-99.615010,3.395,Hub corridor stop (3-7)
43.059611,-97.599863,3.757,Hub corridor stop (3-7)
43.871756,-95.498684,2.979,Hub corridor stop (3-7)
34.567845,-117.151652,4.300,Hub corridor stop (3-8)
34.777881,-114.987621,4.784,Hub corridor stop (3-8)
35.421767,-111.730341,4.644,Hub corridor stop (3-8)
36.515547,-109.996021,3.679,Hub corridor stop (3-8)
36.587415,-106.836795,4.587,Hub corridor stop (3-8)
37.585455,-104.816484,3.431,Hub corridor stop (3-8)
38.347811,-102.344688,4.095,Hub corridor stop (3-8)
38.497678,-100.125874,2.780,Hub corridor stop (3-8)
39.523419,-97.378211,2.983,Hub corridor stop (3-8)
40.259390,-95.187379,3.597,Hub corridor stop (3-8)
40.384937,-92.734028,4.581,Hub corridor stop (3-8)
41.136184,-90.377894,3.779,Hub corridor stop (3-8)
34.338807,-116.120954,2.913,Hub corridor stop (3-9)
35.380739,-114.418784,4.709,Hub corridor stop (3-9)
35.825836,-111.464077,3.748,Hub corridor stop (3-9)
36.220739,-108.606274,3.114,Hub corridor stop (3-9)
36.937708,-105.130537,4.946,Hub corridor stop (3-9)
37.992604,-103.118816,3.316,Hub corridor stop (3-9)
38.634724,-100.339058,4.321,Hub corridor stop (3-9)
38.875187,-96.694192,2.687,Hub corridor stop (3-9)
39.896972,-94.452313,2.972,Hub corridor stop (3-9)
39.995738,-91.194276,3.861,Hub corridor stop (3-9)
40.786802,-88.735740,4.748,Hub corridor stop (3-9)
41.471849,-85.797426,2.968,Hub corridor stop (3-9)
34.080666,-116.817044,4.287,Hub corridor stop (3-10)
34.445598,-115.782548,2.851,Hub corridor stop (3-10)
35.137689,-113.514748,3.280,Hub corridor stop (3-10)
35.259722,-111.516282,4.278,Hub corridor stop (3-10)
36.087409,-109.649624,3.115,Hub corridor stop (3-10)
35.969087,-107.621612,3.589,Hub corridor stop (3-10)
36.832059,-106.338013,4.514,Hub corridor stop (3-10)
36.965354,-103.736923,4.638,Hub corridor stop (3-10)
37.479612,-102.587531,4.743,Hub corridor stop (3-10)
37.871930,-99.923412,3.262,Hub corridor stop (3-10)
38.072337,-98.066555,3.494,Hub corridor stop (3-10)
38.460342,-96.587759,4.018,Hub corridor stop (3-10)
33.490858,-117.082164,3.675,Hub corridor stop (3-11)
33.548122,-115.840137,4.294,Hub corridor stop (3-11)
33.415415,-113.339995,3.388,Hub corridor stop (3-11)
32.998327,-111.945758,4.378,Hub corridor stop (3-11)
32.199998,-109.673573,4.844,Hub corridor stop (3-11)
32.160170,-108.167201,3.870,Hub corridor stop (3-11)
31.846596,-106.780653,4.875,Hub corridor stop (3-11)
31.283709,-104.805206,2.886,Hub corridor stop (3-11)
30.959097,-102.404010,2.719,Hub corridor stop (3-11)
30.507962,-100.680465,3.099,Hub corridor stop (3-11)
30.109469,-98.940166,3.976,Hub corridor stop (3-11)
30.119782,-97.017331,2.887,Hub corridor stop (3-11)
34.247093,-116.975977,2.754,Hub corridor stop (3-12)
33.635274,-115.675863,3.802,Hub corridor stop (3-12)
33.642836,-114.294526,3.583,Hub corridor stop (3-12)
33.440928,-112.155993,4.631,Hub corridor stop (3-12)
33.346074,-110.457331,4.367,Hub corridor stop (3-12)
33.256006,-108.513740,4.806,Hub corridor stop (3-12)
33.311061,-107.162980,4.581,Hub corridor stop (3-12)
33.304831,-105.469610,4.815,Hub corridor stop (3-12)
33.378695,-103.805250,3.203,Hub corridor stop (3-12)
32.967378,-102.002184,4.907,Hub corridor stop (3-12)
33.193845,-99.856978,4.525,Hub corridor stop (3-12)
33.122081,-98.914538,3.840,Hub corridor stop (3-12)
33.958178,-115.950205,3.223,Hub corridor stop (3-13)
33.002835,-113.558051,3.488,Hub corridor stop (3-13)
32.415659,-111.020982,3.646,Hub corridor stop (3-13)
31.734202,-108.020423,2.971,Hub corridor stop (3-13)
31.396407,-104.296094,4.805,Hub corridor stop (3-13)
30.497628,-101.222522,4.684,Hub corridor stop (3-13)
30.010390,-98.875776,4.126,Hub corridor stop (3-13)
28.913940,-95.251965,3.279,Hub corridor stop (3-13)
28.444238,-91.986463,4.079,Hub corridor stop (3-13)
27.576827,-89.305981,3.647,Hub corridor stop (3-13)
27.403786,-86.471333,3.352,Hub corridor stop (3-13)
26.528204,-83.577609,4.017,Hub corridor stop (3-13)
34.356299,-116.538514,3.267,Hub corridor stop (3-14)
33.992308,-114.150568,2.991,Hub corridor stop (3-14)
33.728304,-111.804328,3.325,Hub corridor stop (3-14)
33.901885,-108.954628,3.210,Hub corridor stop (3-14)
33.654541,-106.013965,4.581,Hub corridor stop (3-14)
33.995759,-103.284031,4.146,Hub corridor stop (3-14)
33.685370,-100.449412,3.710,Hub corridor stop (3-14)
33.903901,-97.828760,3.729,Hub corridor stop (3-14)
33.713377,-95.453795,3.160,Hub corridor stop (3-14)
33.830483,-92.618513,3.997,Hub corridor stop (3-14)
33.455827,-89.937524,4.632,Hub corridor stop (3-14)
33.590235,-87.045468,3.780,Hub corridor stop (3-14)
34.144324,-115.744601,3.330,Hub corridor stop (3-15)
34.825290,-113.606174,2.804,Hub corridor stop (3-15)
35.283091,-110.056352,2.793,Hub corridor stop (3-15)
35.333121,-106.759889,4.341,Hub corridor stop (3-15)
35.526471,-103.656602,4.856,Hub corridor stop (3-15)
36.355446,-100.423639,3.425,Hub corridor stop (3-15)
36.473518,-96.658354,4.067,Hub corridor stop (3-15)
37.210195,-93.230546,3.841,Hub corridor stop (3-15)
37.520737,-90.004125,4.397,Hub corridor stop (3-15)
37.724667,-86.670084,4.280,Hub corridor stop (3-15)
38.420693,-83.965443,4.653,Hub corridor stop (3-15)
38.171827,-80.094334,3.997,Hub corridor stop (3-15)
34.383748,-115.615347,3.966,Hub corridor stop (3-16)
34.794009,-112.679858,4.657,Hub corridor stop (3-16)
35.459454,-109.504554,3.690,Hub corridor stop (3-16)
35.887700,-105.656389,3.324,Hub corridor stop (3-16)
36.373495,-102.268312,3.534,Hub corridor stop (3-16)
36.858260,-98.520742,4.604,Hub corridor stop (3-16)
37.515397,-95.290468,3.074,Hub corridor stop (3-16)
37.911383,-92.020588,3.973,Hub corridor stop (3-16)
38.638516,-88.532927,4.766,Hub corridor stop (3-16)
38.990963,-84.313997,4.578,Hub corridor stop (3-16)
39.968238,-81.350153,3.631,Hub corridor stop (3-16)
40.467353,-77.985393,2.759,Hub corridor stop (3-16)
34.513049,-115.886856,4.767,Hub corridor stop (3-17)
35.240585,-112.546874,4.946,Hub corridor stop (3-17)
35.725994,-108.791201,4.226,Hub corridor stop (3-17)
36.301074,-105.160015,4.018,Hub corridor stop (3-17)
36.938819,-100.854062,4.206,Hub corridor stop (3-17)
37.725350,-97.843318,3.511,Hub corridor stop (3-17)
38.302934,-93.652399,3.970,Hub corridor stop (3-17)
39.302825,-89.514796,3.769,Hub corridor stop (3-17)
39.659686,-86.045892,4.941,Hub corridor stop (3-17)
40.256500,-82.356127,4.527,Hub corridor stop (3-17)
40.800342,-78.772198,4.900,Hub corridor stop (3-17)
41.923689,-74.822350,2.904,Hub corridor stop (3-17)
34.623378,-115.918877,4.537,Hub corridor stop (3-18)
35.103422,-112.724951,3.618,Hub corridor stop (3-18)
34.991760,-109.817066,3.827,Hub corridor stop (3-18)
35.707733,-106.462423,3.070,Hub corridor stop (3-18)
36.267413,-102.642625,3.462,Hub corridor stop (3-18)
36.994000,-99.166299,2.747,Hub corridor stop (3-18)
37.058400,-95.584008,3.356,Hub corridor stop (3-18)
37.725929,-92.843078,3.350,Hub corridor stop (3-18)
38.303983,-88.872740,4.187,Hub corridor stop (3-18)
38.324159,-85.505965,3.922,Hub corridor stop (3-18)
38.844749,-81.925630,3.872,Hub corridor stop (3-18)
39.828545,-78.544459,3.596,Hub corridor stop (3-18)
32.801926,-116.861466,4.397,Hub corridor stop (4-6)
33.283172,-116.060511,3.042,Hub corridor stop (4-6)
34.136147,-114.436113,4.060,Hub corridor stop (4-6)
34.896900,-114.147372,2.679,Hub corridor stop (4-6)
35.433567,-112.939072,4.296,Hub corridor stop (4-6)
35.703731,-112.103475,3.263,Hub corridor stop (4-6)
36.087539,-110.468814,3.989,Hub corridor stop (4-6)
36.824026,-109.903765,3.537,Hub corridor stop (4-6)
37.179955,-108.533469,3.990,Hub corridor stop (4-6)
38.375289,-107.965615,4.076,Hub corridor stop (4-6)
38.439971,-107.348047,4.791,Hub corridor stop (4-6)
39.425621,-106.130650,4.717,Hub corridor stop (4-6)
33.549934,-116.142986,4.036,Hub corridor stop (4-7)
34.509172,-114.297571,4.834,Hub corridor stop (4-7)
34.988169,-112.481064,4.302,Hub corridor stop (4-7)
35.954067,-110.641950,4.663,Hub corridor stop (4-7)
37.119129,-108.295023,3.210,Hub corridor stop (4-7)
37.882451,-106.774260,3.079,Hub corridor stop (4-7)
39.422075,-104.923497,3.942,Hub corridor stop (4-7)
39.803380,-102.793065,3.537,Hub corridor stop (4-7)
40.986165,-101.302850,2.934,Hub corridor stop (4-7)
42.262974,-99.133941,3.213,Hub corridor stop (4-7)
42.799701,-97.283148,3.196,Hub corridor stop (4-7)
43.671273,-95.028841,3.435,Hub corridor stop (4-7)
32.932945,-115.499251,2.863,Hub corridor stop (4-8)
33.653955,-113.315837,2.944,Hub corridor stop (4-8)
34.508496,-110.952156,4.501,Hub corridor stop (4-8)
35.042627,-109.024709,4.312,Hub corridor stop (4-8)
35.927990,-106.117269,3.129,Hub corridor stop (4-8)
37.062813,-104.162981,3.173,Hub corridor stop (4-8)
37.447033,-102.136974,4.275,Hub corridor stop (4-8)
38.045672,-99.082664,4.001,Hub corridor stop (4-8)
38.853729,-97.308190,4.049,Hub corridor stop (4-8)
39.477903,-94.382161,2.932,Hub corridor stop (4-8)
40.421236,-92.316474,3.272,Hub corridor stop (4-8)
41.335329,-90.095968,4.162,Hub corridor stop (4-8)
33.243862,-115.625625,3.547,Hub corridor stop (4-9)
33.579810,-113.357922,4.607,Hub corridor stop (4-9)
34.513566,-110.191566,2.901,Hub corridor stop (4-9)
35.451489,-107.733482,3.801,Hub corridor stop (4-9)
36.035223,-105.270272,3.366,Hub corridor stop (4-9)
36.755105,-102.486849,4.298,Hub corridor stop (4-9)
37.563519,-99.508104,4.741,Hub corridor stop (4-9)
38.677618,-96.347440,4.631,Hub corridor stop (4-9)
38.996894,-94.163827,2.718,Hub corridor stop (4-9)
40.149369,-91.086223,3.458,Hub corridor stop (4-9)
40.731687,-88.361091,4.258,Hub corridor stop (4-9)
41.386039,-85.462981,3.460,Hub corridor stop (4-9)
33.125079,-116.318484,2.915,Hub corridor stop (4-10)
33.770660,-114.240552,4.289,Hub corridor stop (4-10)
33.670816,-113.058601,3.023,Hub corridor stop (4-10)
34.291881,-111.015232,3.526,Hub corridor stop (4-10)
34.691404,-109.201575,4.118,Hub corridor stop (4-10)
35.300430,-106.919281,3.961,Hub corridor stop (4-10)
36.187024,-105.638962,3.650,Hub corridor stop (4-10)
36.675129,-103.747465,2.652,Hub corridor stop (4-10)
37.290812,-101.556174,3.309,Hub corridor stop (4-10)
37.247612,-99.679667,4.047,Hub corridor stop (4-10)
37.761403,-98.421789,2.906,Hub corridor stop (4-10)
38.792986,-96.646075,4.753,Hub corridor stop (4-10)
32.742602,-116.444012,4.248,Hub corridor stop (4-11)
32.286609,-114.323338,4.556,Hub corridor stop (4-11)
31.971456,-113.171900,4.827,Hub corridor stop (4-11)
31.834999,-110.672348,4.241,Hub corridor stop (4-11)
31.818819,-109.019242,4.095,Hub corridor stop (4-11)
31.382314,-107.974057,4.256,Hub corridor stop (4-11)
31.128789,-105.818931,4.785,Hub corridor stop (4-11)
30.681871,-103.850590,2.750,Hub corridor stop (4-11)
30.848014,-102.067856,3.251,Hub corridor stop (4-11)
30.502154,-100.177239,4.116,Hub corridor stop (4-11)
30.264000,-99.081687,2.787,Hub corridor stop (4-11)
29.897302,-97.192630,3.113,Hub corridor stop (4-11)
32.586137,-116.469997,4.276,Hub corridor stop (4-12)
32.842254,-114.953323,3.206,Hub corridor stop (4-12)
32.738667,-113.137752,4.802,Hub corridor stop (4-12)
32.628803,-111.639717,4.685,Hub corridor stop (4-12)
32.486982,-109.773082,3.417,Hub corridor stop (4-12)
32.963315,-108.157462,4.399,Hub corridor stop (4-12)
32.515868,-106.421889,4.027,Hub corridor stop (4-12)
32.725125,-104.703097,4.562,Hub corridor stop (4-12)
32.487315,-103.503106,3.479,Hub corridor stop (4-12)
32.556563,-102.080085,3.296,Hub corridor stop (4-12)
32.554919,-99.873795,3.680,Hub corridor stop (4-12)
32.500912,-98.584104,3.728,Hub corridor stop (4-12)
32.272083,-115.611349,2.815,Hub corridor stop (4-13)
31.538790,-112.281869,4.376,Hub corridor stop (4-13)
31.033680,-109.571813,4.904,Hub corridor stop (4-13)
30.813137,-107.161774,3.774,Hub corridor stop (4-13)
30.166228,-104.131324,3.899,Hub corridor stop (4-13)
29.311751,-100.517007,4.132,Hub corridor stop (4-13)
29.189041,-97.545340,4.151,Hub corridor stop (4-13)
28.369288,-95.208130,2.969,Hub corridor stop (4-13)
27.656348,-91.774981,4.581,Hub corridor stop (4-13)
27.288081,-89.347271,4.118,Hub corridor stop (4-13)
27.116347,-85.722854,3.037,Hub corridor stop (4-13)
26.517252,-82.851989,4.357,Hub corridor stop (4-13)
32.646036,-115.806356,4.548,Hub corridor stop (4-14)
32.713805,-113.346655,3.918,Hub corridor stop (4-14)
32.830853,-110.308226,3.201,Hub corridor stop (4-14)
32.683901,-107.924449,4.095,Hub corridor stop (4-14)
33.311502,-105.177767,4.732,Hub corridor stop (4-14)
33.481806,-102.745994,3.799,Hub corridor stop (4-14)
33.013254,-100.299473,3.987,Hub corridor stop (4-14)
33.041843,-97.328054,3.026,Hub corridor stop (4-14)
33.378576,-94.452561,2.856,Hub corridor stop (4-14)
33.178968,-92.307992,3.089,Hub corridor stop (4-14)
33.739737,-90.079174,4.584,Hub corridor stop (4-14)
33.915065,-86.751621,3.629,Hub corridor stop (4-14)
32.873555,-115.009427,3.834,Hub corridor stop (4-15)
33.403526,-112.491394,3.659,Hub corridor stop (4-15)
34.070273,-108.842795,4.729,Hub corridor stop (4-15)
34.214445,-106.110158,3.669,Hub corridor stop (4-15)
34.989001,-102.853096,3.099,Hub corridor stop (4-15)
35.149489,-99.665127,3.709,Hub corridor stop (4-15)
36.265187,-95.928680,4.640,Hub corridor stop (4-15)
36.762658,-92.670944,4.076,Hub corridor stop (4-15)
37.143724,-90.272636,4.206,Hub corridor stop (4-15)
37.497644,-86.849373,3.964,Hub corridor stop (4-15)
38.233527,-83.474113,4.139,Hub corridor stop (4-15)
38.271398,-80.387768,4.686,Hub corridor stop (4-15)
32.785044,-115.283385,4.211,Hub corridor stop (4-16)
33.638493,-112.355802,4.169,Hub corridor stop (4-16)
34.225527,-108.457389,3.608,Hub corridor stop (4-16)
34.975873,-105.019338,3.562,Hub corridor stop (4-16)
35.324634,-101.912813,4.697,Hub corridor stop (4-16)
36.268104,-98.521811,4.633,Hub corridor stop (4-16)
36.701635,-95.084980,3.871,Hub corridor stop (4-16)
37.340040,-91.277690,3.924,Hub corridor stop (4-16)
37.962316,-87.750196,2.910,Hub corridor stop (4-16)
38.802725,-84.283614,2.835,Hub corridor stop (4-16)
39.368882,-81.294690,3.661,Hub corridor stop (4-16)
40.327466,-77.412901,4.294,Hub corridor stop (4-16)
33.377750,-115.202838,4.929,Hub corridor stop (4-17)
34.028148,-111.986952,4.559,Hub corridor stop (4-17)
34.568954,-108.236530,4.858,Hub corridor stop (4-17)
35.460255,-104.005002,2.965,Hub corridor stop (4-17)
36.380999,-100.962509,3.195,Hub corridor stop (4-17)
36.869879,-97.312478,4.017,Hub corridor stop (4-17)
37.529982,-93.368019,4.277,Hub corridor stop (4-17)
38.450523,-89.150015,4.079,Hub corridor stop (4-17)
39.534380,-85.754941,4.760,Hub corridor stop (4-17)
40.304986,-82.422223,4.364,Hub corridor stop (4-17)
40.705973,-78.197996,4.215,Hub corridor stop (4-17)
41.816489,-75.086626,3.508,Hub corridor stop (4-17)
33.243620,-114.658078,4.310,Hub corridor stop (4-18)
33.264581,-112.028177,2.879,Hub corridor stop (4-18)
34.197263,-108.489201,2.910,Hub corridor stop (4-18)
35.039782,-105.244552,3.236,Hub corridor stop (4-18)
35.106188,-102.090485,4.578,Hub corridor stop (4-18)
35.956897,-99.030685,2.698,Hub corridor stop (4-18)
36.206180,-95.052609,3.076,Hub corridor stop (4-18)
37.095812,-92.152529,4.230,Hub corridor stop (4-18)
37.553367,-88.924071,4.663,Hub corridor stop (4-18)
38.242648,-85.073648,4.509,Hub corridor stop (4-18)
39.108833,-82.322123,3.437,Hub corridor stop (4-18)
39.129301,-78.523275,4.658,Hub corridor stop (4-18)
36.558683,-115.050412,3.069,Hub corridor stop (5-6)
36.821025,-113.760299,3.553,Hub corridor stop (5-6)
36.866790,-113.417445,4.594,Hub corridor stop (5-6)
37.094695,-111.962222,4.055,Hub corridor stop (5-6)
37.157966,-111.639635,3.148,Hub corridor stop (5-6)
38.016181,-110.593719,2.750,Hub corridor stop (5-6)
37.794745,-109.987173,3.726,Hub corridor stop (5-6)
38.365410,-109.151007,3.463,Hub corridor stop (5-6)
38.251216,-108.166895,3.418,Hub corridor stop (5-6)
38.546927,-107.462713,4.919,Hub corridor stop (5-6)
38.849879,-106.932974,4.193,Hub corridor stop (5-6)
39.294523,-106.006256,3.800,Hub corridor stop (5-6)
36.443742,-113.983995,3.865,Hub corridor stop (5-7)
37.546720,-112.071860,2.728,Hub corridor stop (5-7)
37.973920,-110.521019,4.656,Hub corridor stop (5-7)
38.828121,-108.895064,4.110,Hub corridor stop (5-7)
39.244781,-107.461447,4.479,Hub corridor stop (5-7)
40.306345,-105.120109,4.217,Hub corridor stop (5-7)
40.612805,-103.527905,4.351,Hub corridor stop (5-7)
41.460875,-101.893231,3.456,Hub corridor stop (5-7)
42.194790,-100.349570,2.789,Hub corridor stop (5-7)
42.749955,-98.674072,4.923,Hub corridor stop (5-7)
43.555562,-96.884411,3.210,Hub corridor stop (5-7)
44.087538,-95.150672,2.962,Hub corridor stop (5-7)
36.110373,-113.430421,3.692,Hub corridor stop (5-8)
36.816747,-111.776746,3.346,Hub corridor stop (5-8)
37.079783,-110.028107,3.343,Hub corridor stop (5-8)
37.634143,-107.233011,3.918,Hub corridor stop (5-8)
38.531053,-105.379780,4.769,Hub corridor stop (5-8)
38.739849,-103.413371,3.061,Hub corridor stop (5-8)
39.194500,-100.395884,3.471,Hub corridor stop (5-8)
39.786927,-98.698357,4.647,Hub corridor stop (5-8)
39.748899,-96.446936,4.718,Hub corridor stop (5-8)
40.351242,-94.450415,2.703,Hub corridor stop (5-8)
40.729984,-92.240154,4.270,Hub corridor stop (5-8)
41.224264,-89.920984,3.111,Hub corridor stop (5-8)
36.550007,-113.207435,4.141,Hub corridor stop (5-9)
36.696978,-111.078020,4.865,Hub corridor stop (5-9)
37.472915,-109.099622,4.512,Hub corridor stop (5-9)
38.157981,-106.296436,2.964,Hub corridor stop (5-9)
38.169764,-103.552715,4.664,Hub corridor stop (5-9)
38.978885,-100.637841,3.138,Hub corridor stop (5-9)
39.252605,-98.226528,4.143,Hub corridor stop (5-9)
39.800522,-95.722333,3.427,Hub corridor stop (5-9)
40.049934,-93.393035,2.755,Hub corridor stop (5-9)
40.941058,-90.897292,3.787,Hub corridor stop (5-9)
41.414053,-88.399524,3.716,Hub corridor stop (5-9)
41.498000,-85.230560,3.948,Hub corridor stop (5-9)
36.657657,-114.511324,4.062,Hub corridor stop (5-10)
36.678370,-112.826206,2.865,Hub corridor stop (5-10)
36.515194,-111.349168,4.415,Hub corridor stop (5-10)
36.703152,-109.100048,3.623,Hub corridor stop (5-10)
37.251691,-107.658128,3.926,Hub corridor stop (5-10)
37.569164,-106.001460,3.411,Hub corridor stop (5-10)
37.862154,-104.665928,4.286,Hub corridor stop (5-10)
38.112096,-102.554687,3.361,Hub corridor stop (5-10)
38.352988,-100.728538,3.692,Hub corridor stop (5-10)
38.241332,-99.492298,4.814,Hub corridor stop (5-10)
38.373237,-98.310256,3.744,Hub corridor stop (5-10)
38.974069,-95.976749,3.484,Hub corridor stop (5-10)
36.192093,-114.395949,4.390,Hub corridor stop (5-11)
35.113699,-113.192244,2.959,Hub corridor stop (5-11)
34.580116,-111.184134,3.927,Hub corridor stop (5-11)
34.152514,-109.208427,3.491,Hub corridor stop (5-11)
33.617001,-108.312914,4.347,Hub corridor stop (5-11)
33.644740,-106.745128,2.717,Hub corridor stop (5-11)
33.031634,-105.091073,4.909,Hub corridor stop (5-11)
32.323456,-103.155287,3.442,Hub corridor stop (5-11)
32.021814,-101.732111,3.395,Hub corridor stop (5-11)
31.581130,-100.467576,4.337,Hub corridor stop (5-11)
30.481727,-98.402086,3.574,Hub corridor stop (5-11)
30.528001,-97.347413,3.948,Hub corridor stop (5-11)
35.937189,-113.845443,4.823,Hub corridor stop (5-12)
35.851702,-113.186989,3.229,Hub corridor stop (5-12)
35.324885,-111.530825,3.182,Hub corridor stop (5-12)
35.012048,-109.770565,4.128,Hub corridor stop (5-12)
34.807270,-108.091512,3.148,Hub corridor stop (5-12)
34.725558,-107.377917,4.635,Hub corridor stop (5-12)
34.663921,-105.810995,4.379,Hub corridor stop (5-12)
34.359961,-104.329811,3.413,Hub corridor stop (5-12)
33.852410,-102.314823,3.022,Hub corridor stop (5-12)
33.719009,-101.111439,3.692,Hub corridor stop (5-12)
33.375069,-99.387276,3.133,Hub corridor stop (5-12)
33.316654,-98.390096,4.444,Hub corridor stop (5-12)
35.903834,-113.678333,4.637,Hub corridor stop (5-13)
35.267292,-111.128198,2.706,Hub corridor stop (5-13)
33.816351,-107.723297,2.672,Hub corridor stop (5-13)
33.543729,-105.668638,4.343,Hub corridor stop (5-13)
32.141232,-102.856652,4.220,Hub corridor stop (5-13)
31.303454,-99.907094,4.763,Hub corridor stop (5-13)
30.909086,-96.623084,4.903,Hub corridor stop (5-13)
29.598021,-94.409850,4.472,Hub corridor stop (5-13)
29.224945,-91.791073,3.811,Hub corridor stop (5-13)
28.071808,-88.641873,2.891,Hub corridor stop (5-13)
27.090967,-85.341778,3.378,Hub corridor stop (5-13)
26.859356,-83.329223,3.771,Hub corridor stop (5-13)
35.793922,-113.666583,3.062,Hub corridor stop (5-14)
36.009165,-111.766442,4.348,Hub corridor stop (5-14)
35.686230,-109.338313,3.463,Hub corridor stop (5-14)
35.489435,-106.152474,3.454,Hub corridor stop (5-14)
35.098972,-103.648401,4.681,Hub corridor stop (5-14)
35.266683,-101.813332,3.058,Hub corridor stop (5-14)
34.746286,-99.536835,2.749,Hub corridor stop (5-14)
34.723486,-96.771410,3.930,Hub corridor stop (5-14)
34.427515,-94.669045,4.233,Hub corridor stop (5-14)
34.437196,-91.728859,3.912,Hub corridor stop (5-14)
34.269546,-88.874163,4.660,Hub corridor stop (5-14)
34.095104,-86.938789,3.382,Hub corridor stop (5-14)
36.250169,-112.809012,3.540,Hub corridor stop (5-15)
36.418166,-110.648477,2.979,Hub corridor stop (5-15)
37.066208,-107.964494,4.048,Hub corridor stop (5-15)
37.234742,-104.691789,4.055,Hub corridor stop (5-15)
37.069206,-101.656070,3.106,Hub corridor stop (5-15)
37.105628,-98.065772,4.453,Hub corridor stop (5-15)
37.879261,-95.731733,4.247,Hub corridor stop (5-15)
37.689341,-92.146459,3.913,Hub corridor stop (5-15)
37.902195,-88.805376,2.652,Hub corridor stop (5-15)
38.422593,-85.863471,3.823,Hub corridor stop (5-15)
38.533838,-82.688090,3.189,Hub corridor stop (5-15)
38.778875,-79.866157,3.521,Hub corridor stop (5-15)
36.545566,-113.178939,3.860,Hub corridor stop (5-16)
36.794018,-110.044261,3.391,Hub corridor stop (5-16)
37.168710,-106.874279,3.164,Hub corridor stop (5-16)
37.520674,-103.833899,4.740,Hub corridor stop (5-16)
37.786638,-100.132227,3.851,Hub corridor stop (5-16)
38.152409,-97.291826,2.977,Hub corridor stop (5-16)
38.831338,-93.724349,3.855,Hub corridor stop (5-16)
38.914872,-90.177502,3.199,Hub corridor stop (5-16)
39.029719,-86.879119,3.709,Hub corridor stop (5-16)
39.720872,-83.583413,4.706,Hub corridor stop (5-16)
40.243383,-80.998475,3.527,Hub corridor stop (5-16)
40.581853,-77.010710,2.933,Hub corridor stop (5-16)
36.237101,-113.159421,2.886,Hub corridor stop (5-17)
36.812377,-109.577200,3.849,Hub corridor stop (5-17)
37.374904,-106.694420,3.560,Hub corridor stop (5-17)
38.251029,-102.621634,3.683,Hub corridor stop (5-17)
38.383210,-99.002223,4.395,Hub corridor stop (5-17)
38.648504,-95.582042,3.494,Hub corridor stop (5-17)
39.403290,-92.453866,3.503,Hub corridor stop (5-17)
39.772086,-88.798240,2.691,Hub corridor stop (5-17)
40.169833,-85.101293,2.783,Hub corridor stop (5-17)
40.649353,-81.441954,3.282,Hub corridor stop (5-17)
41.246478,-78.344196,4.569,Hub corridor stop (5-17)
41.578814,-74.462843,4.625,Hub corridor stop (5-17)
36.150213,-113.210239,4.472,Hub corridor stop (5-18)
36.706327,-110.458391,2.751,Hub corridor stop (5-18)
36.886211,-107.264423,4.289,Hub corridor stop (5-18)
37.085729,-104.029780,4.141,Hub corridor stop (5-18)
37.749250,-100.881827,3.536,Hub corridor stop (5-18)
37.889379,-97.168641,3.091,Hub corridor stop (5-18)
38.466867,-94.162302,3.506,Hub corridor stop (5-18)
38.555441,-91.308534,2.813,Hub corridor stop (5-18)
38.921363,-88.065609,3.859,Hub corridor stop (5-18)
39.042372,-84.397922,4.391,Hub corridor stop (5-18)
39.015281,-81.477637,3.714,Hub corridor stop (5-18)
39.623509,-78.057546,3.604,Hub corridor stop (5-18)
39.982652,-104.052718,3.662,Hub corridor stop (6-7)
40.361721,-103.572651,4.547,Hub corridor stop (6-7)
40.906186,-102.428837,3.574,Hub corridor stop (6-7)
40.884420,-101.545359,3.924,Hub corridor stop (6-7)
41.813556,-100.526302,2.922,Hub corridor stop (6-7)
41.848680,-100.211745,4.530,Hub corridor stop (6-7)
42.184467,-99.263719,4.383,Hub corridor stop (6-7)
42.927450,-98.355616,4.216,Hub corridor stop (6-7)
43.449190,-97.032584,2.776,Hub corridor stop (6-7)
43.854246,-96.152940,3.993,Hub corridor stop (6-7)
44.488290,-94.855883,4.655,Hub corridor stop (6-7)
44.310579,-94.352122,3.842,Hub corridor stop (6-7)
39.500363,-103.682462,3.282,Hub corridor stop (6-8)
39.829508,-103.075304,3.237,Hub corridor stop (6-8)
40.418195,-101.468076,3.825,Hub corridor stop (6-8)
40.282246,-100.533326,3.350,Hub corridor stop (6-8)
40.765947,-98.468745,4.620,Hub corridor stop (6-8)
40.510275,-97.619873,2.770,Hub corridor stop (6-8)
40.877222,-96.076414,3.718,Hub corridor stop (6-8)
41.014831,-94.498602,3.491,Hub corridor stop (6-8)
41.404667,-93.454921,4.765,Hub corridor stop (6-8)
41.404053,-92.200276,3.373,Hub corridor stop (6-8)
41.559031,-90.489444,3.949,Hub corridor stop (6-8)
41.583476,-89.222439,4.481,Hub corridor stop (6-8)
39.722884,-103.703574,4.496,Hub corridor stop (6-9)
40.114728,-102.397805,4.800,Hub corridor stop (6-9)
40.219057,-100.261145,2.783,Hub corridor stop (6-9)
40.418621,-98.720494,2.763,Hub corridor stop (6-9)
40.926233,-97.475545,4.021,Hub corridor stop (6-9)
40.655884,-94.954561,3.940,Hub corridor stop (6-9)
41.297633,-93.580765,4.200,Hub corridor stop (6-9)
41.416991,-92.008197,3.135,Hub corridor stop (6-9)
41.738708,-90.386842,4.761,Hub corridor stop (6-9)
41.504107,-88.671704,2.869,Hub corridor stop (6-9)
42.115625,-86.151136,3.604,Hub corridor stop (6-9)
42.235240,-85.019529,4.734,Hub corridor stop (6-9)
39.837364,-104.780362,2.780,Hub corridor stop (6-10)
39.799455,-104.153315,4.573,Hub corridor stop (6-10)
39.466845,-103.148559,3.989,Hub corridor stop (6-10)
39.433251,-102.020507,3.004,Hub corridor stop (6-10)
39.797313,-101.400135,4.585,Hub corridor stop (6-10)
39.214148,-100.139717,4.904,Hub corridor stop (6-10)
39.330711,-99.996568,3.524,Hub corridor stop (6-10)
39.454048,-98.992252,3.905,Hub corridor stop (6-10)
39.019853,-97.942336,4.325,Hub corridor stop (6-10)
39.204081,-96.916392,2.913,Hub corridor stop (6-10)
39.431966,-96.584557,4.774,Hub corridor stop (6-10)
39.498150,-95.016050,3.861,Hub corridor stop (6-10)
39.093791,-104.646121,4.376,Hub corridor stop (6-11)
38.539329,-103.448994,2.864,Hub corridor stop (6-11)
37.732760,-102.738607,4.025,Hub corridor stop (6-11)
36.973637,-102.666969,2.971,Hub corridor stop (6-11)
35.986654,-101.173162,4.594,Hub corridor stop (6-11)
35.157553,-100.375134,2.725,Hub corridor stop (6-11)
34.619379,-99.567021,3.442,Hub corridor stop (6-11)
34.063001,-99.077121,2.765,Hub corridor stop (6-11)
32.836811,-98.493699,3.219,Hub corridor stop (6-11)
32.324959,-97.967748,4.462,Hub corridor stop (6-11)
31.215771,-97.296598,3.936,Hub corridor stop (6-11)
30.275672,-96.093028,4.462,Hub corridor stop (6-11)
39.457992,-104.615378,2.728,Hub corridor stop (6-12)
38.913055,-104.369600,4.138,Hub corridor stop (6-12)
38.089079,-103.281449,3.462,Hub corridor stop (6-12)
37.701999,-102.549346,3.027,Hub corridor stop (6-12)
37.001488,-101.643321,3.413,Hub corridor stop (6-12)
36.915307,-101.049158,3.755,Hub corridor stop (6-12)
35.873026,-101.095172,4.672,Hub corridor stop (6-12)
35.293650,-100.077804,3.883,Hub corridor stop (6-12)
34.737008,-99.447824,3.027,Hub corridor stop (6-12)
34.472527,-98.757287,3.494,Hub corridor stop (6-12)
33.679099,-98.194581,3.118,Hub corridor stop (6-12)
33.072679,-97.686568,4.655,Hub corridor stop (6-12)
39.041582,-103.398827,2.685,Hub corridor stop (6-13)
38.372219,-102.024919,4.469,Hub corridor stop (6-13)
36.992988,-99.860537,3.177,Hub corridor stop (6-13)
36.000529,-98.358429,3.258,Hub corridor stop (6-13)
34.378944,-96.158899,3.842,Hub corridor stop (6-13)
33.443470,-93.727506,2.844,Hub corridor stop (6-13)
32.525862,-92.334554,4.019,Hub corridor stop (6-13)
31.551509,-89.921489,2.793,Hub corridor stop (6-13)
30.056525,-88.038060,4.911,Hub corridor stop (6-13)
28.795156,-86.037017,4.241,Hub corridor stop (6-13)
28.218352,-84.301695,4.514,Hub corridor stop (6-13)
26.853153,-81.796919,2.675,Hub corridor stop (6-13)
39.747906,-104.039412,3.586,Hub corridor stop (6-14)
38.732010,-102.747670,4.338,Hub corridor stop (6-14)
38.666324,-101.183729,3.442,Hub corridor stop (6-14)
37.810204,-99.493275,3.155,Hub corridor stop (6-14)
37.464470,-97.145092,4.944,Hub corridor stop (6-14)
37.307624,-95.943533,3.794,Hub corridor stop (6-14)
36.819778,-93.909817,4.378,Hub corridor stop (6-14)
36.240552,-92.899785,4.088,Hub corridor stop (6-14)
35.907872,-90.722781,2.862,Hub corridor stop (6-14)
35.338859,-89.468272,3.023,Hub corridor stop (6-14)
35.033457,-87.528921,4.365,Hub corridor stop (6-14)
33.972675,-85.740598,4.805,Hub corridor stop (6-14)
39.980949,-103.372164,4.565,Hub corridor stop (6-15)
39.850878,-101.554549,3.651,Hub corridor stop (6-15)
39.800422,-99.143633,4.653,Hub corridor stop (6-15)
39.365520,-96.748504,3.873,Hub corridor stop (6-15)
39.751837,-95.272822,4.877,Hub corridor stop (6-15)
39.574356,-92.914000,4.578,Hub corridor stop (6-15)
39.119021,-90.726320,3.703,Hub corridor stop (6-15)
39.055649,-88.224901,4.739,Hub corridor stop (6-15)
39.303168,-85.792631,3.552,Hub corridor stop (6-15)
39.305569,-83.481434,4.221,Hub corridor stop (6-15)
39.349515,-81.216252,3.584,Hub corridor stop (6-15)
38.684729,-79.135943,4.573,Hub corridor stop (6-15)
39.675594,-103.355706,4.573,Hub corridor stop (6-16)
40.061097,-101.718138,3.775,Hub corridor stop (6-16)
39.595367,-99.143903,4.518,Hub corridor stop (6-16)
39.954868,-96.220415,3.702,Hub corridor stop (6-16)
39.974488,-94.093661,3.464,Hub corridor stop (6-16)
40.408760,-91.249859,3.322,Hub corridor stop (6-16)
39.957055,-89.084555,4.263,Hub corridor stop (6-16)
40.282782,-86.254821,4.506,Hub corridor stop (6-16)
40.135745,-83.756320,2.745,Hub corridor stop (6-16)
40.705191,-81.726537,3.274,Hub corridor stop (6-16)
40.877419,-79.087352,3.166,Hub corridor stop (6-16)
40.907811,-76.385527,4.706,Hub corridor stop (6-16)
39.796294,-103.294019,4.848,Hub corridor stop (6-17)
40.058436,-100.478836,3.086,Hub corridor stop (6-17)
40.494819,-98.508028,3.863,Hub corridor stop (6-17)
40.123299,-95.781696,4.824,Hub corridor stop (6-17)
40.650924,-92.496541,3.227,Hub corridor stop (6-17)
40.789009,-90.419668,3.921,Hub corridor stop (6-17)
41.355645,-87.333492,3.516,Hub corridor stop (6-17)
41.611768,-84.277039,4.183,Hub corridor stop (6-17)
41.224544,-81.805332,3.671,Hub corridor stop (6-17)
42.051575,-79.326797,4.171,Hub corridor stop (6-17)
42.033103,-76.599647,3.851,Hub corridor stop (6-17)
42.274014,-73.406944,3.796,Hub corridor stop (6-17)
39.654476,-103.070466,2.781,Hub corridor stop (6-18)
39.999178,-101.246108,3.932,Hub corridor stop (6-18)
39.745294,-98.799314,4.700,Hub corridor stop (6-18)
39.959155,-96.414437,2.731,Hub corridor stop (6-18)
39.693661,-94.579971,4.842,Hub corridor stop (6-18)
40.107086,-92.187182,4.001,Hub corridor stop (6-18)
39.903904,-89.889243,3.552,Hub corridor stop (6-18)
40.040402,-86.967894,3.296,Hub corridor stop (6-18)
40.068029,-84.897178,3.902,Hub corridor stop (6-18)
39.845876,-81.892888,4.142,Hub corridor stop (6-18)
40.131889,-79.778369,3.525,Hub corridor stop (6-18)
40.259644,-77.362479,4.239,Hub corridor stop (6-18)
44.667051,-93.287553,3.973,Hub corridor stop (7-8)
44.833949,-92.324481,3.449,Hub corridor stop (7-8)
44.105779,-92.123566,4.668,Hub corridor stop (7-8)
43.873389,-91.472634,3.043,Hub corridor stop (7-8)
43.730288,-91.638181,3.335,Hub corridor stop (7-8)
43.532011,-90.365279,4.863,Hub corridor stop (7-8)
43.146958,-90.506233,4.821,Hub corridor stop (7-8)
42.906126,-90.045071,3.658,Hub corridor stop (7-8)
42.595904,-89.648875,3.556,Hub corridor stop (7-8)
42.541890,-88.565010,3.264,Hub corridor stop (7-8)
42.166834,-88.163534,3.686,Hub corridor stop (7-8)
42.362051,-87.957215,4.441,Hub corridor stop (7-8)
44.715809,-93.067177,4.391,Hub corridor stop (7-9)
44.639385,-91.985826,4.192,Hub corridor stop (7-9)
44.625362,-91.423310,3.484,Hub corridor stop (7-9)
44.529051,-90.377215,3.313,Hub corridor stop (7-9)
44.116232,-89.802334,4.424,Hub corridor stop (7-9)
43.492315,-88.474570,3.953,Hub corridor stop (7-9)
43.499230,-87.555086,3.261,Hub corridor stop (7-9)
43.210323,-87.520599,3.912,Hub corridor stop (7-9)
43.355863,-86.155684,3.599,Hub corridor stop (7-9)
43.181969,-85.848261,3.356,Hub corridor stop (7-9)
42.856165,-84.260307,4.108,Hub corridor stop (7-9)
42.677523,-83.616187,3.557,Hub corridor stop (7-9)
44.525178,-93.152034,3.436,Hub corridor stop (7-11)
43.076511,-93.242417,3.454,Hub corridor stop (7-11)
41.714335,-93.351496,3.873,Hub corridor stop (7-11)
40.731764,-93.701875,4.723,Hub corridor stop (7-11)
39.243031,-94.167872,2.802,Hub corridor stop (7-11)
38.221388,-94.189190,4.609,Hub corridor stop (7-11)
37.182220,-94.289455,3.578,Hub corridor stop (7-11)
35.898966,-94.731449,4.593,Hub corridor stop (7-11)
34.831899,-94.391702,2.998,Hub corridor stop (7-11)
33.532661,-94.635944,3.801,Hub corridor stop (7-11)
32.474020,-94.674098,4.359,Hub corridor stop (7-11)
31.202477,-95.067457,4.671,Hub corridor stop (7-11)
44.109640,-93.257901,4.269,Hub corridor stop (7-12)
43.592315,-93.891270,2.805,Hub corridor stop (7-12)
42.609927,-93.679578,3.278,Hub corridor stop (7-12)
41.360649,-94.502480,2.866,Hub corridor stop (7-12)
40.708610,-94.109178,4.495,Hub corridor stop (7-12)
39.511117,-94.639588,2.816,Hub corridor stop (7-12)
38.870245,-95.259012,2.658,Hub corridor stop (7-12)
37.747609,-95.709314,3.283,Hub corridor stop (7-12)
36.372422,-95.715629,3.926,Hub corridor stop (7-12)
35.920127,-96.363675,4.553,Hub corridor stop (7-12)
34.456258,-96.479856,4.098,Hub corridor stop (7-12)
33.640859,-96.666507,3.957,Hub corridor stop (7-12)
43.819497,-92.347219,3.131,Hub corridor stop (7-13)
42.909452,-91.418361,3.885,Hub corridor stop (7-13)
40.805923,-90.400079,2.715,Hub corridor stop (7-13)
39.600560,-89.672983,2.795,Hub corridor stop (7-13)
38.151011,-88.356570,3.995,Hub corridor stop (7-13)
36.452814,-87.501914,4.004,Hub corridor stop (7-13)
34.793825,-86.136047,4.940,Hub corridor stop (7-13)
33.661059,-85.005874,3.408,Hub corridor stop (7-13)
32.251229,-84.760980,3.749,Hub corridor stop (7-13)
30.117184,-83.370796,4.220,Hub corridor stop (7-13)
28.982164,-82.324324,3.436,Hub corridor stop (7-13)
27.081928,-81.325066,3.300,Hub corridor stop (7-13)
44.202306,-92.608755,3.837,Hub corridor stop (7-14)
43.587374,-92.471826,4.269,Hub corridor stop (7-14)
42.519753,-91.700554,3.939,Hub corridor stop (7-14)
41.974595,-90.353727,4.370,Hub corridor stop (7-14)
41.249246,-89.691329,4.312,Hub corridor stop (7-14)
40.190787,-89.752664,3.123,Hub corridor stop (7-14)
38.797933,-88.321754,4.311,Hub corridor stop (7-14)
38.331652,-88.151388,3.467,Hub corridor stop (7-14)
37.106769,-87.109635,4.930,Hub corridor stop (7-14)
36.307935,-86.928663,3.053,Hub corridor stop (7-14)
35.444290,-85.449234,4.500,Hub corridor stop (7-14)
34.615843,-85.456224,2.895,Hub corridor stop (7-14)
44.431983,-92.203871,3.734,Hub corridor stop (7-15)
44.592728,-90.947078,4.478,Hub corridor stop (7-15)
43.747050,-89.729660,2.945,Hub corridor stop (7-15)
43.004238,-88.664058,3.818,Hub corridor stop (7-15)
42.588886,-87.646138,2.699,Hub corridor stop (7-15)
42.592946,-85.935443,4.824,Hub corridor stop (7-15)
42.157474,-84.883315,4.335,Hub corridor stop (7-15)
41.254346,-83.247458,4.585,Hub corridor stop (7-15)
40.593473,-82.668304,3.142,Hub corridor stop (7-15)
40.423887,-81.040628,2.671,Hub corridor stop (7-15)
40.109714,-79.375958,3.717,Hub corridor stop (7-15)
39.073123,-77.985029,3.879,Hub corridor stop (7-15)
44.464236,-92.461020,4.087,Hub corridor stop (7-16)
44.735720,-90.967845,4.121,Hub corridor stop (7-16)
43.918804,-89.644129,4.733,Hub corridor stop (7-16)
43.701428,-88.228864,4.010,Hub corridor stop (7-16)
43.180769,-86.601845,3.700,Hub corridor stop (7-16)
43.161076,-84.668299,4.276,Hub corridor stop (7-16)
42.717741,-83.639518,4.316,Hub corridor stop (7-16)
42.106437,-81.736007,3.570,Hub corridor stop (7-16)
42.198627,-79.976516,3.202,Hub corridor stop (7-16)
41.841076,-78.455331,3.735,Hub corridor stop (7-16)
41.144443,-76.719316,4.028,Hub corridor stop (7-16)
40.747919,-75.781979,4.920,Hub corridor stop (7-16)
44.657018,-92.251621,4.463,Hub corridor stop (7-17)
44.890352,-90.479760,4.356,Hub corridor stop (7-17)
44.131063,-89.189362,4.895,Hub corridor stop (7-17)
44.456748,-87.463033,2.762,Hub corridor stop (7-17)
43.853744,-84.883188,3.155,Hub corridor stop (7-17)
43.946328,-83.106997,4.119,Hub corridor stop (7-17)
43.910092,-81.931168,3.003,Hub corridor stop (7-17)
43.069935,-79.709932,2.889,Hub corridor stop (7-17)
43.528971,-77.975869,3.080,Hub corridor stop (7-17)
43.203293,-76.691828,3.828,Hub corridor stop (7-17)
42.502989,-74.353619,4.696,Hub corridor stop (7-17)
42.860961,-73.283352,4.608,Hub corridor stop (7-17)
44.765666,-92.070793,3.806,Hub corridor stop (7-18)
44.458667,-91.007920,4.489,Hub corridor stop (7-18)
43.677095,-90.046226,3.905,Hub corridor stop (7-18)
43.424420,-88.289793,2.668,Hub corridor stop (7-18)
43.340225,-87.177407,4.558,Hub corridor stop (7-18)
42.984798,-85.338901,2.931,Hub corridor stop (7-18)
42.469737,-84.116682,3.637,Hub corridor stop (7-18)
41.689961,-81.976310,3.906,Hub corridor stop (7-18)
41.457434,-81.322508,4.329,Hub corridor stop (7-18)
41.403459,-79.195661,2.883,Hub corridor stop (7-18)
40.663943,-78.238717,4.404,Hub corridor stop (7-18)
40.108092,-76.517399,4.901,Hub corridor stop (7-18)
41.927333,-88.420990,2.822,Hub corridor stop (8-10)
41.274261,-88.290440,4.027,Hub corridor stop (8-10)
41.336507,-89.059499,3.587,Hub corridor stop (8-10)
41.177862,-89.441744,4.758,Hub corridor stop (8-10)
41.040758,-89.864471,4.750,Hub corridor stop (8-10)
40.891636,-90.492268,2.720,Hub corridor stop (8-10)
40.559936,-90.928196,3.641,Hub corridor stop (8-10)
40.475757,-92.087250,4.818,Hub corridor stop (8-10)
39.948005,-92.169141,3.231,Hub corridor stop (8-10)
39.626891,-93.047253,3.396,Hub corridor stop (8-10)
39.260546,-93.518200,4.906,Hub corridor stop (8-10)
39.429785,-93.633714,4.403,Hub corridor stop (8-10)
41.507992,-87.571961,4.381,Hub corridor stop (8-11)
40.265913,-88.783827,3.599,Hub corridor stop (8-11)
39.119208,-89.420098,4.688,Hub corridor stop (8-11)
38.779776,-89.951163,4.422,Hub corridor stop (8-11)
37.708202,-90.065364,4.478,Hub corridor stop (8-11)
36.568724,-91.391031,4.549,Hub corridor stop (8-11)
35.446466,-91.540321,3.494,Hub corridor stop (8-11)
34.633576,-91.854720,3.021,Hub corridor stop (8-11)
33.659707,-92.758054,3.888,Hub corridor stop (8-11)
32.975209,-93.595447,4.752,Hub corridor stop (8-11)
31.832089,-93.710709,2.856,Hub corridor stop (8-11)
30.528476,-94.941950,4.735,Hub corridor stop (8-11)
41.082572,-88.303989,4.296,Hub corridor stop (8-12)
41.128724,-89.021213,3.657,Hub corridor stop (8-12)
40.188635,-89.291666,4.366,Hub corridor stop (8-12)
39.506901,-90.422975,3.241,Hub corridor stop (8-12)
38.270970,-90.757959,3.131,Hub corridor stop (8-12)
37.705148,-91.245487,4.130,Hub corridor stop (8-12)
37.209163,-92.256240,4.025,Hub corridor stop (8-12)
36.553702,-93.306610,2.797,Hub corridor stop (8-12)
35.385986,-94.300412,3.481,Hub corridor stop (8-12)
34.710598,-94.945296,3.785,Hub corridor stop (8-12)
34.561604,-95.161463,3.279,Hub corridor stop (8-12)
33.693416,-96.353522,2.880,Hub corridor stop (8-12)
40.934495,-87.339851,4.236,Hub corridor stop (8-13)
39.905582,-86.531758,2.868,Hub corridor stop (8-13)
38.957436,-86.284089,4.564,Hub corridor stop (8-13)
37.036996,-85.251274,3.170,Hub corridor stop (8-13)
36.324705,-84.679536,4.193,Hub corridor stop (8-13)
34.631238,-84.798255,3.087,Hub corridor stop (8-13)
33.780993,-84.069808,4.166,Hub corridor stop (8-13)
32.269147,-83.021902,3.065,Hub corridor stop (8-13)
30.669510,-82.934568,4.910,Hub corridor stop (8-13)
29.547744,-81.839915,3.960,Hub corridor stop (8-13)
28.146605,-81.773561,2.684,Hub corridor stop (8-13)
27.297797,-81.119777,4.865,Hub corridor stop (8-13)
41.376188,-87.267333,2.968,Hub corridor stop (8-14)
41.104193,-87.464303,3.492,Hub corridor stop (8-14)
40.268415,-87.331115,3.221,Hub corridor stop (8-14)
39.809128,-86.915344,3.526,Hub corridor stop (8-14)
39.136976,-86.711169,3.096,Hub corridor stop (8-14)
38.104610,-86.307646,3.490,Hub corridor stop (8-14)
37.749966,-85.969453,4.650,Hub corridor stop (8-14)
36.686039,-85.537448,4.574,Hub corridor stop (8-14)
36.164681,-85.848922,3.658,Hub corridor stop (8-14)
35.431075,-85.202074,4.287,Hub corridor stop (8-14)
34.765270,-85.250696,3.753,Hub corridor stop (8-14)
34.171000,-84.889672,3.663,Hub corridor stop (8-14)
41.462372,-87.489040,3.481,Hub corridor stop (8-15)
41.500009,-85.965723,3.926,Hub corridor stop (8-15)
40.983982,-85.761056,4.362,Hub corridor stop (8-15)
41.090258,-84.330594,4.864,Hub corridor stop (8-15)
41.059121,-84.167313,4.820,Hub corridor stop (8-15)
40.588292,-83.203160,3.042,Hub corridor stop (8-15)
40.588496,-82.380346,2.841,Hub corridor stop (8-15)
39.931272,-80.892375,3.710,Hub corridor stop (8-15)
40.019816,-80.809636,3.692,Hub corridor stop (8-15)
39.492689,-79.844396,4.175,Hub corridor stop (8-15)
39.285409,-79.074027,4.914,Hub corridor stop (8-15)
39.131978,-78.172356,2.675,Hub corridor stop (8-15)
41.926915,-86.935417,2.706,Hub corridor stop (8-16)
41.717477,-85.778532,3.885,Hub corridor stop (8-16)
41.458901,-84.905944,4.041,Hub corridor stop (8-16)
41.657611,-84.134604,4.498,Hub corridor stop (8-16)
41.770497,-82.508896,4.622,Hub corridor stop (8-16)
41.272777,-81.272881,3.068,Hub corridor stop (8-16)
41.080967,-80.457263,4.724,Hub corridor stop (8-16)
40.886296,-79.710249,2.733,Hub corridor stop (8-16)
41.043007,-78.689180,3.091,Hub corridor stop (8-16)
41.166723,-77.200739,4.811,Hub corridor stop (8-16)
40.830642,-76.024600,2.679,Hub corridor stop (8-16)
41.119901,-75.336113,3.747,Hub corridor stop (8-16)
41.910357,-86.397774,3.782,Hub corridor stop (8-17)
42.280237,-85.532194,3.148,Hub corridor stop (8-17)
42.208244,-84.583903,4.949,Hub corridor stop (8-17)
41.982665,-83.236294,4.861,Hub corridor stop (8-17)
41.926869,-81.747995,3.439,Hub corridor stop (8-17)
42.208248,-80.767945,3.510,Hub corridor stop (8-17)
41.892194,-78.717707,2.650,Hub corridor stop (8-17)
42.242577,-77.905197,3.695,Hub corridor stop (8-17)
42.249172,-76.171028,2.967,Hub corridor stop (8-17)
42.062728,-75.377434,4.859,Hub corridor stop (8-17)
42.037384,-74.036870,3.851,Hub corridor stop (8-17)
42.378529,-72.036698,2.781,Hub corridor stop (8-17)
41.595842,-87.305819,3.997,Hub corridor stop (8-18)
41.613733,-86.216011,4.693,Hub corridor stop (8-18)
41.606193,-84.812681,4.851,Hub corridor stop (8-18)
41.177214,-83.741897,3.588,Hub corridor stop (8-18)
40.871033,-82.769246,2.889,Hub corridor stop (8-18)
40.693135,-82.334701,3.315,Hub corridor stop (8-18)
41.203665,-80.814802,3.616,Hub corridor stop (8-18)
40.743368,-79.837106,4.506,Hub corridor stop (8-18)
40.676149,-79.142350,2.918,Hub corridor stop (8-18)
40.235342,-78.014394,3.998,Hub corridor stop (8-18)
40.471425,-76.800643,4.863,Hub corridor stop (8-18)
39.891519,-76.543948,4.714,Hub corridor stop (8-18)
42.219036,-83.909067,4.242,Hub corridor stop (9-10)
41.772556,-84.666835,3.492,Hub corridor stop (9-10)
41.701765,-85.192701,2.819,Hub corridor stop (9-10)
41.595420,-86.163158,3.735,Hub corridor stop (9-10)
41.288464,-86.927970,2.672,Hub corridor stop (9-10)
40.892195,-87.960088,4.281,Hub corridor stop (9-10)
40.754178,-89.330634,4.855,Hub corridor stop (9-10)
40.592364,-90.205864,3.640,Hub corridor stop (9-10)
40.454378,-91.151668,3.591,Hub corridor stop (9-10)
40.198422,-91.450646,3.185,Hub corridor stop (9-10)
39.781459,-92.859641,4.176,Hub corridor stop (9-10)
39.545053,-93.991168,3.162,Hub corridor stop (9-10)
41.503310,-83.872575,2.732,Hub corridor stop (9-11)
40.568077,-84.609155,3.618,Hub corridor stop (9-11)
39.521656,-85.436483,4.817,Hub corridor stop (9-11)
38.865391,-86.626407,4.270,Hub corridor stop (9-11)
37.761893,-87.774563,3.758,Hub corridor stop (9-11)
36.462489,-88.309993,3.020,Hub corridor stop (9-11)
35.703275,-89.038047,4.414,Hub corridor stop (9-11)
35.023678,-90.312322,4.110,Hub corridor stop (9-11)
33.926546,-91.006430,3.101,Hub corridor stop (9-11)
32.963774,-92.591278,3.238,Hub corridor stop (9-11)
31.996862,-93.306946,4.604,Hub corridor stop (9-11)
31.028671,-94.303955,3.106,Hub corridor stop (9-11)
41.514168,-83.701994,4.319,Hub corridor stop (9-12)
41.025543,-85.082898,2.661,Hub corridor stop (9-12)
40.191712,-85.619742,2.659,Hub corridor stop (9-12)
39.467063,-87.107516,4.286,Hub corridor stop (9-12)
39.232754,-88.428846,2.913,Hub corridor stop (9-12)
38.431558,-88.673364,2.992,Hub corridor stop (9-12)
37.247706,-90.176332,3.386,Hub corridor stop (9-12)
36.540751,-91.315562,3.245,Hub corridor stop (9-12)
35.522690,-92.771081,3.024,Hub corridor stop (9-12)
34.783805,-93.385064,4.252,Hub corridor stop (9-12)
34.139517,-94.334242,4.326,Hub corridor stop (9-12)
33.430265,-95.704292,3.083,Hub corridor stop (9-12)
41.803194,-82.848763,2.768,Hub corridor stop (9-13)
40.100781,-82.529951,3.536,Hub corridor stop (9-13)
39.169367,-82.718528,4.483,Hub corridor stop (9-13)
37.903280,-82.611892,3.998,Hub corridor stop (9-13)
36.150215,-81.831374,4.499,Hub corridor stop (9-13)
35.244621,-82.031921,2.865,Hub corridor stop (9-13)
33.829574,-81.503195,2.968,Hub corridor stop (9-13)
32.174486,-81.259155,2.898,Hub corridor stop (9-13)
31.157776,-81.338249,3.245,Hub corridor stop (9-13)
29.684861,-80.846923,4.316,Hub corridor stop (9-13)
28.084485,-80.446516,3.158,Hub corridor stop (9-13)
26.940840,-80.294306,4.240,Hub corridor stop (9-13)
41.982584,-82.751268,3.121,Hub corridor stop (9-14)
41.169308,-83.060599,3.250,Hub corridor stop (9-14)
40.375062,-83.560560,4.424,Hub corridor stop (9-14)
40.157222,-83.226964,4.855,Hub corridor stop (9-14)
39.447787,-83.700281,3.376,Hub corridor stop (9-14)
38.709977,-84.036277,4.051,Hub corridor stop (9-14)
37.580948,-84.149576,3.832,Hub corridor stop (9-14)
36.937837,-83.462621,4.668,Hub corridor stop (9-14)
36.468597,-84.230559,2.925,Hub corridor stop (9-14)
35.813535,-84.046707,3.485,Hub corridor stop (9-14)
35.273610,-84.146913,4.433,Hub corridor stop (9-14)
34.159943,-84.667576,3.540,Hub corridor stop (9-14)
42.148659,-82.968014,4.188,Hub corridor stop (9-15)
41.725812,-82.488316,3.747,Hub corridor stop (9-15)
41.795195,-81.600731,3.505,Hub corridor stop (9-15)
41.335415,-80.978496,4.798,Hub corridor stop (9-15)
41.181809,-81.238142,3.698,Hub corridor stop (9-15)
40.920518,-80.601152,2.736,Hub corridor stop (9-15)
40.887625,-79.552483,2.947,Hub corridor stop (9-15)
40.252988,-79.333049,3.340,Hub corridor stop (9-15)
39.700922,-78.734135,4.423,Hub corridor stop (9-15)
39.685155,-78.851905,3.556,Hub corridor stop (9-15)
39.170901,-77.581153,2.768,Hub corridor stop (9-15)
39.032757,-77.276479,2.961,Hub corridor stop (9-15)
41.975055,-82.980235,3.027,Hub corridor stop (9-16)
42.159467,-81.661241,3.039,Hub corridor stop (9-16)
41.779258,-80.999374,3.629,Hub corridor stop (9-16)
41.764815,-80.853714,3.209,Hub corridor stop (9-16)
42.078929,-80.136189,3.247,Hub corridor stop (9-16)
41.787674,-78.715716,4.730,Hub corridor stop (9-16)
41.470666,-77.934346,4.039,Hub corridor stop (9-16)
41.212334,-77.653211,4.297,Hub corridor stop (9-16)
41.394547,-77.232064,3.095,Hub corridor stop (9-16)
41.422034,-76.529252,4.521,Hub corridor stop (9-16)
40.858972,-75.679237,3.237,Hub corridor stop (9-16)
40.820738,-74.287672,2.992,Hub corridor stop (9-16)
42.581005,-82.607340,3.047,Hub corridor stop (9-17)
42.506165,-81.749932,3.081,Hub corridor stop (9-17)
42.280033,-80.358914,4.635,Hub corridor stop (9-17)
42.391860,-80.130094,4.406,Hub corridor stop (9-17)
42.416301,-78.371057,4.840,Hub corridor stop (9-17)
42.222971,-77.457920,4.533,Hub corridor stop (9-17)
42.182508,-76.933357,3.512,Hub corridor stop (9-17)
42.245637,-75.963241,2.904,Hub corridor stop (9-17)
42.159916,-74.526127,3.594,Hub corridor stop (9-17)
42.448280,-73.587194,4.388,Hub corridor stop (9-17)
42.176569,-72.599179,4.500,Hub corridor stop (9-17)
42.701253,-71.812596,4.386,Hub corridor stop (9-17)
42.431570,-82.873875,4.159,Hub corridor stop (9-18)
41.962414,-81.794396,2.957,Hub corridor stop (9-18)
41.883026,-81.616912,4.537,Hub corridor stop (9-18)
41.557031,-80.529755,4.600,Hub corridor stop (9-18)
41.740221,-80.533605,4.808,Hub corridor stop (9-18)
41.455704,-79.419096,4.151,Hub corridor stop (9-18)
40.778025,-78.614748,3.910,Hub corridor stop (9-18)
40.873108,-78.462058,4.451,Hub corridor stop (9-18)
40.911382,-77.354129,3.142,Hub corridor stop (9-18)
40.411819,-77.282134,2.881,Hub corridor stop (9-18)
40.212203,-76.852706,4.482,Hub corridor stop (9-18)
39.951870,-76.182060,2.806,Hub corridor stop (9-18)
38.801509,-94.889564,3.713,Hub corridor stop (10-11)
37.910275,-94.401385,4.844,Hub corridor stop (10-11)
37.098757,-94.617769,4.708,Hub corridor stop (10-11)
36.464028,-94.440438,4.338,Hub corridor stop (10-11)
35.605619,-94.526881,3.969,Hub corridor stop (10-11)
34.714527,-94.847989,4.557,Hub corridor stop (10-11)
34.256238,-95.004401,3.608,Hub corridor stop (10-11)
33.762443,-94.904338,3.128,Hub corridor stop (10-11)
32.652630,-95.239664,4.855,Hub corridor stop (10-11)
32.138965,-95.517540,4.753,Hub corridor stop (10-11)
30.929108,-95.161424,3.644,Hub corridor stop (10-11)
30.659777,-95.370119,2.862,Hub corridor stop (10-11)
38.800126,-94.401149,4.464,Hub corridor stop (10-12)
38.240569,-95.094713,4.363,Hub corridor stop (10-12)
38.046307,-95.275173,4.681,Hub corridor stop (10-12)
37.673967,-95.259631,3.525,Hub corridor stop (10-12)
36.970318,-94.990432,3.114,Hub corridor stop (10-12)
36.178815,-95.708564,4.334,Hub corridor stop (10-12)
35.592511,-95.689987,3.801,Hub corridor stop (10-12)
35.423810,-96.230711,4.850,Hub corridor stop (10-12)
35.150032,-96.032125,4.479,Hub corridor stop (10-12)
34.072560,-95.895410,3.918,Hub corridor stop (10-12)
33.970048,-96.110433,3.482,Hub corridor stop (10-12)
33.579328,-96.882873,2.704,Hub corridor stop (10-12)
38.434482,-93.500462,4.721,Hub corridor stop (10-13)
37.817615,-92.842466,4.795,Hub corridor stop (10-13)
36.474075,-92.021927,4.101,Hub corridor stop (10-13)
35.577444,-90.618831,4.035,Hub corridor stop (10-13)
34.129420,-89.600941,3.617,Hub corridor stop (10-13)
33.240237,-88.276948,2.862,Hub corridor stop (10-13)
31.817910,-87.241279,4.299,Hub corridor stop (10-13)
31.270750,-86.183172,3.238,Hub corridor stop (10-13)
30.041536,-85.087663,4.037,Hub corridor stop (10-13)
29.245718,-83.912835,3.997,Hub corridor stop (10-13)
28.050334,-82.269393,4.288,Hub corridor stop (10-13)
26.976143,-81.547460,4.578,Hub corridor stop (10-13)
39.129732,-94.471769,4.821,Hub corridor stop (10-14)
38.417454,-93.728023,2.810,Hub corridor stop (10-14)
38.237365,-92.380611,2.977,Hub corridor stop (10-14)
37.573483,-91.600394,4.945,Hub corridor stop (10-14)
37.058681,-90.670058,3.214,Hub corridor stop (10-14)
36.534602,-90.399632,3.593,Hub corridor stop (10-14)
36.400083,-89.456619,3.022,Hub corridor stop (10-14)
35.692238,-88.837754,3.094,Hub corridor stop (10-14)
35.332277,-87.644887,3.072,Hub corridor stop (10-14)
35.018967,-86.887901,4.888,Hub corridor stop (10-14)
34.595486,-85.618160,3.734,Hub corridor stop (10-14)
33.965625,-85.120477,2.983,Hub corridor stop (10-14)
38.858508,-94.085555,4.263,Hub corridor stop (10-15)
39.403496,-92.560539,3.464,Hub corridor stop (10-15)
39.008817,-91.203469,4.239,Hub corridor stop (10-15)
38.970141,-89.979830,4.638,Hub corridor stop (10-15)
39.081200,-88.707817,4.604,Hub corridor stop (10-15)
39.174922,-86.991227,4.099,Hub corridor stop (10-15)
39.293760,-85.545434,3.645,Hub corridor stop (10-15)
38.842956,-84.004782,4.174,Hub corridor stop (10-15)
39.133335,-82.245869,2.984,Hub corridor stop (10-15)
38.859494,-80.930491,4.469,Hub corridor stop (10-15)
39.001017,-79.684049,3.432,Hub corridor stop (10-15)
39.233985,-78.395785,3.576,Hub corridor stop (10-15)
38.958044,-93.896094,4.714,Hub corridor stop (10-16)
39.503618,-92.535814,3.393,Hub corridor stop (10-16)
39.408055,-90.467951,3.486,Hub corridor stop (10-16)
39.827972,-88.953417,3.874,Hub corridor stop (10-16)
39.980987,-87.047212,3.747,Hub corridor stop (10-16)
39.692299,-85.628249,4.051,Hub corridor stop (10-16)
40.138686,-84.096306,3.502,Hub corridor stop (10-16)
39.988955,-82.358466,4.750,Hub corridor stop (10-16)
40.223868,-80.790995,3.414,Hub corridor stop (10-16)
40.550670,-79.249222,4.237,Hub corridor stop (10-16)
40.119935,-77.573783,2.787,Hub corridor stop (10-16)
40.797656,-75.969607,3.174,Hub corridor stop (10-16)
38.953032,-93.615163,4.337,Hub corridor stop (10-17)
39.645044,-91.386940,4.828,Hub corridor stop (10-17)
39.787406,-89.494906,2.856,Hub corridor stop (10-17)
40.310180,-88.052453,3.094,Hub corridor stop (10-17)
40.447079,-85.788761,3.537,Hub corridor stop (10-17)
40.249494,-83.894297,4.383,Hub corridor stop (10-17)
40.863002,-81.919244,2.738,Hub corridor stop (10-17)
40.745102,-80.804973,2.700,Hub corridor stop (10-17)
41.462573,-78.468112,2.908,Hub corridor stop (10-17)
41.341024,-76.990796,4.051,Hub corridor stop (10-17)
41.959176,-74.399450,3.479,Hub corridor stop (10-17)
42.434574,-72.999465,3.549,Hub corridor stop (10-17)
38.969664,-93.848549,4.892,Hub corridor stop (10-18)
39.548473,-92.063708,3.053,Hub corridor stop (10-18)
39.046209,-91.008902,3.457,Hub corridor stop (10-18)
39.504535,-89.539806,3.869,Hub corridor stop (10-18)
39.533239,-88.009576,3.661,Hub corridor stop (10-18)
39.678617,-85.968588,3.689,Hub corridor stop (10-18)
39.810170,-84.392723,3.425,Hub corridor stop (10-18)
39.538592,-82.531539,4.627,Hub corridor stop (10-18)
39.970057,-81.322753,2.978,Hub corridor stop (10-18)
39.520436,-79.929432,4.239,Hub corridor stop (10-18)
39.469357,-77.999489,4.458,Hub corridor stop (10-18)
39.894753,-77.163222,4.486,Hub corridor stop (10-18)
29.500338,-94.458515,3.961,Hub corridor stop (11-13)
29.440424,-93.630533,4.858,Hub corridor stop (11-13)
29.279511,-91.948153,4.065,Hub corridor stop (11-13)
28.512206,-91.231021,3.269,Hub corridor stop (11-13)
28.603515,-89.642734,4.463,Hub corridor stop (11-13)
28.225841,-88.249776,4.232,Hub corridor stop (11-13)
27.553867,-87.245441,3.253,Hub corridor stop (11-13)
27.438799,-86.570391,4.623,Hub corridor stop (11-13)
27.033404,-85.251160,4.773,Hub corridor stop (11-13)
26.429467,-83.447330,4.391,Hub corridor stop (11-13)
26.155850,-82.385334,3.969,Hub corridor stop (11-13)
26.366645,-81.328170,3.633,Hub corridor stop (11-13)
30.263181,-95.192170,4.437,Hub corridor stop (11-14)
29.961063,-94.253012,2.911,Hub corridor stop (11-14)
30.818007,-93.225822,4.321,Hub corridor stop (11-14)
30.706831,-92.087603,4.142,Hub corridor stop (11-14)
30.914600,-91.421881,4.310,Hub corridor stop (11-14)
31.315536,-90.398923,3.289,Hub corridor stop (11-14)
31.743831,-89.281315,4.819,Hub corridor stop (11-14)
32.502092,-88.846638,3.965,Hub corridor stop (11-14)
32.688590,-87.669499,3.699,Hub corridor stop (11-14)
33.046246,-87.112501,4.835,Hub corridor stop (11-14)
33.091765,-86.488343,4.373,Hub corridor stop (11-14)
33.181339,-85.104951,2.773,Hub corridor stop (11-14)
30.559540,-94.416302,4.353,Hub corridor stop (11-15)
30.599825,-93.046678,3.516,Hub corridor stop (11-15)
31.414132,-91.419783,2.726,Hub corridor stop (11-15)
32.306042,-90.608389,4.608,Hub corridor stop (11-15)
33.328512,-89.188986,3.718,Hub corridor stop (11-15)
33.763312,-87.106497,4.327,Hub corridor stop (11-15)
34.406994,-85.447186,3.076,Hub corridor stop (11-15)
34.994119,-84.086835,2.926,Hub corridor stop (11-15)
35.760378,-82.903296,3.424,Hub corridor stop (11-15)
36.476624,-81.049876,3.740,Hub corridor stop (11-15)
37.643814,-80.194997,4.749,Hub corridor stop (11-15)
37.980265,-78.137739,4.060,Hub corridor stop (11-15)
30.637763,-94.057560,4.101,Hub corridor stop (11-16)
31.097759,-92.486794,3.670,Hub corridor stop (11-16)
31.669714,-90.724667,4.503,Hub corridor stop (11-16)
32.954469,-89.167683,3.184,Hub corridor stop (11-16)
33.677591,-87.388206,4.863,Hub corridor stop (11-16)
34.875718,-86.275280,4.223,Hub corridor stop (11-16)
35.493529,-84.345995,3.036,Hub corridor stop (11-16)
36.077809,-82.578270,3.784,Hub corridor stop (11-16)
37.045524,-80.961522,3.924,Hub corridor stop (11-16)
38.267539,-79.052870,3.023,Hub corridor stop (11-16)
39.230671,-77.543298,4.857,Hub corridor stop (11-16)
40.173766,-76.038799,3.989,Hub corridor stop (11-16)
30.717156,-94.257722,3.909,Hub corridor stop (11-17)
31.142063,-92.876695,3.121,Hub corridor stop (11-17)
32.017135,-90.701808,4.098,Hub corridor stop (11-17)
33.332432,-88.159342,4.227,Hub corridor stop (11-17)
34.199916,-86.213416,4.108,Hub corridor stop (11-17)
35.334533,-84.346695,4.191,Hub corridor stop (11-17)
36.214486,-82.633799,3.341,Hub corridor stop (11-17)
37.648689,-81.013466,4.888,Hub corridor stop (11-17)
38.023261,-79.279531,3.922,Hub corridor stop (11-17)
39.130210,-76.886799,2.922,Hub corridor stop (11-17)
40.579933,-74.796487,4.224,Hub corridor stop (11-17)
41.650794,-72.560866,4.210,Hub corridor stop (11-17)
30.419246,-94.807972,2.763,Hub corridor stop (11-18)
30.932047,-92.523090,3.370,Hub corridor stop (11-18)
31.846772,-91.770922,3.606,Hub corridor stop (11-18)
32.895987,-89.631957,4.546,Hub corridor stop (11-18)
33.088740,-88.363688,3.062,Hub corridor stop (11-18)
34.477570,-86.838286,4.794,Hub corridor stop (11-18)
34.897560,-84.520972,3.836,Hub corridor stop (11-18)
35.752162,-82.827275,3.582,Hub corridor stop (11-18)
36.829295,-82.020119,4.560,Hub corridor stop (11-18)
37.843323,-80.364852,4.366,Hub corridor stop (11-18)
38.161131,-78.714806,3.488,Hub corridor stop (11-18)
39.250500,-76.373371,4.936,Hub corridor stop (11-18)
32.771457,-95.855780,4.153,Hub corridor stop (12-13)
31.697687,-94.600916,3.918,Hub corridor stop (12-13)
31.275000,-93.115885,3.237,Hub corridor stop (12-13)
30.561665,-92.455195,2.994,Hub corridor stop (12-13)
30.313273,-90.548349,3.018,Hub corridor stop (12-13)
29.692062,-89.423722,3.939,Hub corridor stop (12-13)
29.067789,-88.123067,2.685,Hub corridor stop (12-13)
28.258365,-86.903483,3.195,Hub corridor stop (12-13)
28.186283,-85.737743,4.545,Hub corridor stop (12-13)
27.264333,-84.543723,3.748,Hub corridor stop (12-13)
26.805366,-82.996664,4.410,Hub corridor stop (12-13)
26.128524,-81.367210,4.570,Hub corridor stop (12-13)
32.792153,-96.173768,4.774,Hub corridor stop (12-14)
32.966201,-95.595097,2.810,Hub corridor stop (12-14)
32.678676,-94.466728,2.854,Hub corridor stop (12-14)
33.153125,-93.391248,3.360,Hub corridor stop (12-14)
33.135244,-91.936795,3.212,Hub corridor stop (12-14)
32.962801,-91.512230,3.396,Hub corridor stop (12-14)
33.569232,-90.158737,3.636,Hub corridor stop (12-14)
33.126255,-89.760726,2.932,Hub corridor stop (12-14)
33.681111,-88.225653,3.010,Hub corridor stop (12-14)
33.603279,-87.763611,3.816,Hub corridor stop (12-14)
33.478173,-86.731227,4.358,Hub corridor stop (12-14)
33.822957,-85.371145,3.037,Hub corridor stop (12-14)
33.201942,-95.869024,4.171,Hub corridor stop (12-15)
33.226381,-94.063447,2.658,Hub corridor stop (12-15)
33.808707,-92.936445,3.106,Hub corridor stop (12-15)
34.204707,-91.095479,4.936,Hub corridor stop (12-15)
34.868158,-89.893771,4.193,Hub corridor stop (12-15)
35.279934,-88.191875,4.233,Hub corridor stop (12-15)
35.916056,-86.831590,2.812,Hub corridor stop (12-15)
36.485110,-84.499394,4.766,Hub corridor stop (12-15)
36.665356,-83.358061,3.773,Hub corridor stop (12-15)
37.221693,-81.626482,3.790,Hub corridor stop (12-15)
38.142461,-80.385768,4.798,Hub corridor stop (12-15)
38.636931,-78.641546,2.975,Hub corridor stop (12-15)
33.162078,-95.993101,4.227,Hub corridor stop (12-16)
33.867259,-93.991753,4.895,Hub corridor stop (12-16)
34.045578,-92.045053,4.492,Hub corridor stop (12-16)
34.727828,-90.575684,2.774,Hub corridor stop (12-16)
35.691796,-88.391534,3.450,Hub corridor stop (12-16)
36.405416,-86.888912,4.288,Hub corridor stop (12-16)
36.747320,-84.515337,3.657,Hub corridor stop (12-16)
37.190880,-83.490081,4.320,Hub corridor stop (12-16)
38.428553,-81.176061,3.007,Hub corridor stop (12-16)
39.068574,-79.280681,2.915,Hub corridor stop (12-16)
39.359436,-77.498211,2.658,Hub corridor stop (12-16)
39.757536,-75.961013,4.662,Hub corridor stop (12-16)
33.603317,-95.673613,4.740,Hub corridor stop (12-17)
34.126950,-93.379829,4.003,Hub corridor stop (12-17)
35.021925,-91.519688,4.830,Hub corridor stop (12-17)
35.506148,-89.863447,3.843,Hub corridor stop (12-17)
36.214800,-87.677634,3.510,Hub corridor stop (12-17)
37.000744,-85.392996,3.162,Hub corridor stop (12-17)
37.604260,-83.410589,3.809,Hub corridor stop (12-17)
38.469887,-81.206398,3.077,Hub corridor stop (12-17)
39.315692,-79.496881,4.421,Hub corridor stop (12-17)
40.202660,-76.983118,3.840,Hub corridor stop (12-17)
40.651030,-74.793951,3.825,Hub corridor stop (12-17)
41.506051,-73.306591,3.575,Hub corridor stop (12-17)
33.281569,-95.428706,3.760,Hub corridor stop (12-18)
33.799587,-94.459558,3.690,Hub corridor stop (12-18)
34.112442,-92.644885,3.477,Hub corridor stop (12-18)
34.964251,-90.530065,3.127,Hub corridor stop (12-18)
35.173687,-88.753599,4.156,Hub corridor stop (12-18)
36.057416,-87.157295,4.245,Hub corridor stop (12-18)
36.349123,-85.943680,3.479,Hub corridor stop (12-18)
36.754894,-83.402138,3.857,Hub corridor stop (12-18)
37.775455,-81.667506,4.500,Hub corridor stop (12-18)
38.040896,-80.503609,2.900,Hub corridor stop (12-18)
39.011418,-78.412890,3.772,Hub corridor stop (12-18)
39.287012,-77.102871,3.771,Hub corridor stop (12-18)
26.309507,-80.045769,4.602,Hub corridor stop (13-14)
26.977537,-80.750018,3.619,Hub corridor stop (13-14)
27.228993,-80.604261,3.072,Hub corridor stop (13-14)
27.758603,-81.563897,4.771,Hub corridor stop (13-14)
28.884040,-81.854084,4.609,Hub corridor stop (13-14)
29.549623,-82.103627,3.092,Hub corridor stop (13-14)
30.106011,-82.486641,2.924,Hub corridor stop (13-14)
30.836033,-82.763942,3.564,Hub corridor stop (13-14)
31.259756,-83.265466,2.697,Hub corridor stop (13-14)
31.755087,-83.489557,2.675,Hub corridor stop (13-14)
32.381268,-83.481485,3.416,Hub corridor stop (13-14)
33.235722,-83.940194,3.083,Hub corridor stop (13-14)
26.083240,-79.877148,4.055,Hub corridor stop (13-15)
27.194816,-80.083041,4.617,Hub corridor stop (13-15)
28.677289,-79.800814,3.998,Hub corridor stop (13-15)
29.494693,-79.468627,2.734,Hub corridor stop (13-15)
30.371814,-78.926078,4.034,Hub corridor stop (13-15)
31.552743,-79.143537,3.139,Hub corridor stop (13-15)
32.465289,-78.626452,3.485,Hub corridor stop (13-15)
33.930614,-78.644457,4.919,Hub corridor stop (13-15)
34.518905,-77.725545,3.210,Hub corridor stop (13-15)
35.813350,-77.904590,2.737,Hub corridor stop (13-15)
37.011400,-77.262271,3.269,Hub corridor stop (13-15)
38.048879,-77.308058,4.920,Hub corridor stop (13-15)
26.197320,-79.990225,3.174,Hub corridor stop (13-16)
27.643289,-79.199371,4.587,Hub corridor stop (13-16)
28.785765,-79.056127,4.489,Hub corridor stop (13-16)
29.671230,-78.675787,4.381,Hub corridor stop (13-16)
31.102395,-77.521218,2.859,Hub corridor stop (13-16)
32.313483,-77.728791,2.655,Hub corridor stop (13-16)
33.251725,-77.343303,3.499,Hub corridor stop (13-16)
34.685172,-76.473310,3.315,Hub corridor stop (13-16)
36.069832,-75.970962,4.908,Hub corridor stop (13-16)
36.892995,-75.481051,3.786,Hub corridor stop (13-16)
38.230893,-74.670652,3.132,Hub corridor stop (13-16)
39.781035,-74.628867,3.422,Hub corridor stop (13-16)
26.671994,-79.678138,3.303,Hub corridor stop (13-17)
27.462626,-78.686152,3.500,Hub corridor stop (13-17)
28.811453,-78.224371,3.874,Hub corridor stop (13-17)
30.288547,-77.788995,4.594,Hub corridor stop (13-17)
31.624159,-76.978287,4.851,Hub corridor stop (13-17)
32.967594,-76.261501,3.023,Hub corridor stop (13-17)
34.506604,-75.294381,3.677,Hub corridor stop (13-17)
35.654867,-74.952612,4.467,Hub corridor stop (13-17)
37.018690,-73.682708,3.512,Hub corridor stop (13-17)
38.539938,-73.674913,3.155,Hub corridor stop (13-17)
40.026774,-72.356078,4.204,Hub corridor stop (13-17)
41.030142,-71.814423,3.104,Hub corridor stop (13-17)
26.242339,-79.809754,4.246,Hub corridor stop (13-18)
27.295709,-79.458501,2.963,Hub corridor stop (13-18)
28.679015,-79.482001,3.822,Hub corridor stop (13-18)
29.604943,-78.738767,2.958,Hub corridor stop (13-18)
30.858790,-78.277295,2.960,Hub corridor stop (13-18)
31.871768,-77.819331,3.906,Hub corridor stop (13-18)
33.222660,-77.326033,3.964,Hub corridor stop (13-18)
34.081772,-77.227570,4.559,Hub corridor stop (13-18)
35.458192,-76.545901,3.487,Hub corridor stop (13-18)
36.510716,-75.948768,4.541,Hub corridor stop (13-18)
37.789032,-76.323610,4.057,Hub corridor stop (13-18)
38.490564,-75.176808,4.886,Hub corridor stop (13-18)
34.166574,-84.229628,4.595,Hub corridor stop (14-15)
34.142021,-83.210780,3.848,Hub corridor stop (14-15)
34.441668,-82.566541,3.662,Hub corridor stop (14-15)
35.424433,-82.160060,3.875,Hub corridor stop (14-15)
35.859653,-82.008871,4.717,Hub corridor stop (14-15)
35.905784,-81.580085,3.424,Hub corridor stop (14-15)
36.127526,-80.950499,4.086,Hub corridor stop (14-15)
36.578487,-80.283626,3.323,Hub corridor stop (14-15)
37.101698,-79.011156,4.732,Hub corridor stop (14-15)
37.928278,-78.360338,3.662,Hub corridor stop (14-15)
38.288951,-78.410234,4.781,Hub corridor stop (14-15)
38.712029,-77.416040,3.174,Hub corridor stop (14-15)
33.811231,-83.486339,3.920,Hub corridor stop (14-16)
34.663293,-82.816378,2.980,Hub corridor stop (14-16)
35.281282,-82.344002,4.458,Hub corridor stop (14-16)
35.668018,-81.754004,4.850,Hub corridor stop (14-16)
36.102784,-80.430113,4.562,Hub corridor stop (14-16)
36.636522,-79.644392,3.561,Hub corridor stop (14-16)
37.177029,-79.243817,4.844,Hub corridor stop (14-16)
37.835027,-78.149937,3.803,Hub corridor stop (14-16)
38.152984,-77.100045,4.364,Hub corridor stop (14-16)
39.304640,-76.626433,3.132,Hub corridor stop (14-16)
39.491796,-75.458147,4.163,Hub corridor stop (14-16)
40.089932,-74.814376,3.004,Hub corridor stop (14-16)
34.472535,-83.746893,3.816,Hub corridor stop (14-17)
34.983220,-83.060435,4.312,Hub corridor stop (14-17)
35.368526,-81.440979,2.867,Hub corridor stop (14-17)
36.003283,-80.533803,3.760,Hub corridor stop (14-17)
36.762812,-79.518742,3.151,Hub corridor stop (14-17)
37.494046,-78.971485,4.487,Hub corridor stop (14-17)
38.054519,-77.159226,3.920,Hub corridor stop (14-17)
38.986717,-76.277108,2.939,Hub corridor stop (14-17)
39.798608,-75.511359,4.634,Hub corridor stop (14-17)
40.493891,-74.097546,4.525,Hub corridor stop (14-17)
40.937999,-73.035543,4.841,Hub corridor stop (14-17)
41.453579,-72.484577,3.597,Hub corridor stop (14-17)
34.065873,-84.242663,3.159,Hub corridor stop (14-18)
34.750022,-83.382072,2.992,Hub corridor stop (14-18)
34.767792,-82.473708,3.087,Hub corridor stop (14-18)
35.468539,-81.771670,3.661,Hub corridor stop (14-18)
35.984890,-80.764656,2.688,Hub corridor stop (14-18)
36.779550,-80.600653,2.738,Hub corridor stop (14-18)
37.162154,-79.529191,3.887,Hub corridor stop (14-18)
37.273495,-78.601352,3.355,Hub corridor stop (14-18)
38.126298,-78.361061,3.968,Hub corridor stop (14-18)
38.567491,-77.494188,3.754,Hub corridor stop (14-18)
38.655690,-76.511837,4.240,Hub corridor stop (14-18)
39.213683,-75.857409,4.336,Hub corridor stop (14-18)
38.800617,-76.432973,4.652,Hub corridor stop (15-17)
39.006892,-76.545970,2.843,Hub corridor stop (15-17)
39.424654,-76.213639,3.776,Hub corridor stop (15-17)
39.699270,-75.542950,3.711,Hub corridor stop (15-17)
40.060326,-74.625179,4.312,Hub corridor stop (15-17)
40.156332,-74.655464,2.669,Hub corridor stop (15-17)
40.583208,-74.281014,4.253,Hub corridor stop (15-17)
41.175172,-73.003882,3.131,Hub corridor stop (15-17)
40.930839,-72.740635,3.597,Hub corridor stop (15-17)
41.833161,-72.590408,3.369,Hub corridor stop (15-17)
41.508517,-71.612272,3.828,Hub corridor stop (15-17)
42.042354,-71.593762,4.418,Hub corridor stop (15-17)
44.524318,-97.558619,3.124,Regional station #0
34.548328,-74.923577,3.606,Regional station #1
40.531502,-92.995884,3.719,Regional station #2
38.508331,-110.141467,3.921,Regional station #3
45.321346,-119.148065,3.525,Regional station #4
45.694747,-70.185456,2.778,Regional station #5
39.735422,-89.053682,4.520,Regional station #6
36.044720,-116.362116,3.380,Regional station #7
41.748502,-83.806492,3.180,Regional station #8
40.101425,-87.707175,4.131,Regional station #9
25.514632,-99.431488,3.432,Regional station #10
39.034351,-105.148645,3.019,Regional station #11
40.753200,-107.862369,4.410,Regional station #12
32.184364,-93.751607,4.447,Regional station #13
27.716006,-83.653245,2.893,Regional station #14
47.002301,-122.128968,4.270,Regional station #15
33.664529,-113.707231,3.579,Regional station #16
36.781137,-100.886145,3.007,Regional station #17
37.285213,-107.144034,4.781,Regional station #18
34.002711,-99.775013,3.229,Regional station #19
47.766844,-105.963449,4.107,Regional station #20
44.565406,-102.071406,4.336,Regional station #21
31.551343,-117.530668,2.839,Regional station #22
35.550579,-75.870364,3.176,Regional station #23
35.351300,-81.926237,3.330,Regional station #24
28.587205,-95.200893,3.643,Regional station #25
47.054615,-74.592831,3.250,Regional station #26
38.180004,-100.815401,2.821,Regional station #27
35.442072,-73.598603,3.386,Regional station #28
38.773987,-84.786364,2.882,Regional station #29
46.717129,-117.549462,3.383,Regional station #30
41.822669,-122.446342,3.538,Regional station #31
27.976114,-97.701511,2.783,Regional station #32
28.551185,-111.376351,2.921,Regional station #33
27.127511,-112.900877,3.837,Regional station #34
28.218312,-78.748225,3.625,Regional station #35
30.919120,-110.366518,4.513,Regional station #36
26.102364,-83.050438,2.955,Regional station #37
47.197009,-101.251739,4.005,Regional station #38
45.286908,-118.026172,2.884,Regional station #39
41.298678,-91.475385,4.264,Regional station #40
31.528672,-96.419566,3.142,Regional station #41
35.271710,-108.150744,3.980,Regional station #42
32.028212,-108.522602,4.099,Regional station #43
27.010524,-79.835757,3.791,Regional station #44
30.378536,-117.236038,3.818,Regional station #45
36.841215,-84.286900,3.535,Regional station #46
34.687673,-74.854483,3.325,Regional station #47
48.054776,-74.855891,4.829,Regional station #48
47.166896,-109.483358,4.460,Regional station #49
39.379910,-112.382101,4.845,Regional station #50
40.220396,-79.371893,3.922,Regional station #51
26.868872,-76.449545,3.118,Regional station #52
31.089157,-89.916575,3.157,Regional station #53
35.870012,-84.609711,2.952,Regional station #54
40.525537,-117.805323,3.749,Regional station #55
40.262153,-86.040668,2.841,Regional station #56
29.490904,-71.171289,3.571,Regional station #57
34.983531,-103.084130,4.212,Regional station #58
42.400192,-88.063302,3.595,Regional station #59
38.384059,-95.410010,3.145,Regional station #60
47.311569,-70.914772,4.383,Regional station #61
48.325235,-98.125794,4.512,Regional station #62
30.655386,-83.021577,4.251,Regional station #63
47.056563,-78.080575,4.597,Regional station #64
31.290126,-80.584588,3.748,Regional station #65
32.343383,-103.419429,4.428,Regional station #66
44.804603,-77.466729,4.156,Regional station #67
29.002050,-115.015935,3.943,Regional station #68
29.982414,-105.157248,2.965,Regional station #69
28.637293,-84.421167,3.220,Regional station #70
44.925766,-105.564631,4.533,Regional station #71
32.111630,-108.921290,3.579,Regional station #72
25.284014,-99.762945,3.548,Regional station #73
25.296968,-76.546797,3.538,Regional station #74
25.010037,-71.160039,3.230,Regional station #75
30.945267,-122.176094,2.959,Regional station #76
41.679716,-91.780931,3.808,Regional station #77
30.785110,-107.872854,4.787,Regional station #78
33.747559,-69.575024,4.612,Regional station #79
27.928269,-77.275912,2.794,Regional station #80
41.708868,-79.377265,4.211,Regional station #81
37.919982,-79.199326,3.074,Regional station #82
37.685082,-109.011212,3.588,Regional station #83
29.495188,-84.897617,3.954,Regional station #84
43.311952,-89.261320,4.008,Regional station #85
46.664825,-79.220873,3.940,Regional station #86
32.663871,-72.932539,3.529,Regional station #87
27.399749,-105.335930,4.233,Regional station #88
46.885731,-88.309949,4.141,Regional station #89
47.027038,-81.105643,3.685,Regional station #90
35.852076,-82.099489,3.417,Regional station #91
27.580274,-89.728754,4.449,Regional station #92
30.833354,-86.239120,4.624,Regional station #93
27.999904,-116.102078,3.785,Regional station #94
32.856950,-71.756770,4.843,Regional station #95
35.472175,-80.275307,4.077,Regional station #96
29.075810,-70.536898,3.116,Regional station #97
26.786197,-98.836086,2.787,Regional station #98
36.297640,-101.042770,4.754,Regional station #99
34.720541,-77.187673,4.388,Regional station #100
38.777744,-110.539801,3.390,Regional station #101
36.549840,-101.968177,4.106,Regional station #102
36.876037,-105.895821,4.024,Regional station #103
48.418658,-112.460085,3.455,Regional station #104
25.282989,-118.389363,2.866,Regional station #105
34.937716,-77.909630,4.215,Regional station #106
47.703383,-77.886100,3.980,Regional station #107
38.639561,-122.817008,3.555,Regional station #108
31.148880,-89.671456,2.888,Regional station #109
37.744026,-103.031539,3.783,Regional station #110
34.503151,-117.931338,4.286,Regional station #111
43.808356,-90.899359,2.993,Regional station #112
39.079938,-76.030390,4.822,Regional station #113
42.824805,-121.005787,4.595,Regional station #114
40.627920,-108.427773,4.682,Regional station #115
44.413019,-74.715382,3.270,Regional station #116
38.558779,-102.850630,3.372,Regional station #117
42.889195,-89.899832,3.447,Regional station #118
37.761077,-72.905416,3.940,Regional station #119
46.467569,-92.650978,4.834,Regional station #120
25.684626,-98.431402,3.910,Regional station #121
42.080087,-70.704354,4.059,Regional station #122
36.233265,-88.933153,3.870,Regional station #123
41.566333,-71.891335,2.779,Regional station #124
32.529027,-75.738391,2.875,Regional station #125
43.571774,-121.816589,4.111,Regional station #126
43.807514,-110.524057,3.551,Regional station #127
30.320738,-85.090384,3.860,Regional station #128
39.231815,-105.760736,3.982,Regional station #129
47.429563,-81.033833,4.749,Regional station #130
30.809255,-95.376486,3.560,Regional station #131
33.132647,-79.714241,3.117,Regional station #132
38.125428,-81.313875,4.715,Regional station #133
25.437457,-108.745596,3.785,Regional station #134
47.004784,-114.607162,4.516,Regional station #135
34.333865,-93.643958,4.699,Regional station #136
26.509921,-105.541535,3.077,Regional station #137
28.144186,-106.953579,4.222,Regional station #138
38.639650,-116.862004,4.433,Regional station #139
36.921524,-115.697507,4.473,Regional station #140
44.288358,-111.686215,4.723,Regional station #141
44.043713,-111.013336,2.752,Regional station #142
45.382435,-78.480267,2.955,Regional station #143
43.011289,-81.363123,4.081,Regional station #144
44.563950,-69.828380,3.438,Regional station #145
44.597232,-73.306902,3.408,Regional station #146
41.062175,-86.202093,4.533,Regional station #147
38.321526,-108.477843,3.278,Regional station #148
37.755538,-116.123928,4.555,Regional station #149
45.896353,-110.295530,4.214,Regional station #150
40.820088,-116.858791,4.385,Regional station #151
43.008685,-106.804693,2.956,Regional station #152
31.622971,-81.447005,3.730,Regional station #153
44.160316,-114.801556,2.974,Regional station #154
33.201586,-75.547517,3.090,Regional station #155
26.725215,-82.468520,2.942,Regional station #156
40.692612,-118.951385,3.268,Regional station #157
40.594477,-75.890015,3.609,Regional station #158
35.565315,-121.806157,3.465,Regional station #159
30.688284,-80.516657,4.250,Regional station #160
43.433040,-94.520914,4.219,Regional station #161
27.989671,-102.513975,3.365,Regional station #162
31.631542,-83.213981,3.200,Regional station #163
32.645698,-108.108589,4.564,Regional station #164
40.004448,-97.305916,3.548,Regional station #165
46.657912,-72.303004,3.694,Regional station #166
38.320496,-76.493151,3.288,Regional station #167
31.077885,-117.880080,3.804,Regional station #168
43.058808,-114.968352,3.658,Regional station #169
48.280066,-97.275365,3.553,Regional station #170
44.726792,-74.880255,3.540,Regional station #171
27.902560,-88.807811,4.305,Regional station #172
46.695824,-87.526008,3.396,Regional station #173
37.101614,-107.816660,3.687,Regional station #174
36.001267,-73.784067,4.652,Regional station #175
46.768791,-97.447564,4.775,Regional station #176
28.265039,-73.300722,4.095,Regional station #177
45.503590,-100.972662,4.831,Regional station #178
25.587805,-77.293087,4.471,Regional station #179
33.794190,-78.336105,3.199,Regional station #180
42.683983,-97.969634,3.613,Regional station #181
29.619398,-79.896089,4.285,Regional station #182
27.091553,-70.197868,3.215,Regional station #183
33.817876,-100.899789,3.961,Regional station #184
45.921436,-71.989625,4.080,Regional station #185
33.590901,-117.644988,2.895,Regional station #186
37.192964,-91.714381,3.689,Regional station #187
48.087678,-100.957543,3.487,Regional station #188
34.825444,-114.139281,4.722,Regional station #189
38.887908,-93.919874,3.644,Regional station #190
30.875769,-106.310147,3.787,Regional station #191
35.487508,-70.128233,3.932,Regional station #192
29.864355,-120.573923,3.084,Regional station #193
33.126682,-80.855210,4.617,Regional station #194
30.555090,-80.974066,3.677,Regional station #195
37.631435,-94.456473,2.839,Regional station #196
26.555588,-87.118828,4.197,Regional station #197
33.938269,-73.411757,4.472,Regional station #198
32.095520,-119.852121,3.912,Regional station #199
40.376853,-111.271160,2.842,Regional station #200
36.446669,-121.637077,4.297,Regional station #201
39.699775,-108.284777,3.686,Regional station #202
30.473896,-113.366805,3.131,Regional station #203
44.167973,-98.795030,4.253,Regional station #204
33.167815,-79.527256,4.001,Regional station #205
40.369995,-102.096454,3.930,Regional station #206
29.480076,-70.429886,4.162,Regional station #207
37.513107,-88.689133,2.960,Regional station #208
32.859393,-110.929169,4.521,Regional station #209
25.302948,-99.267190,4.574,Regional station #210
43.390762,-84.324388,3.383,Regional station #211
30.459101,-85.114679,3.377,Regional station #212
41.992648,-104.425586,4.347,Regional station #213
38.466160,-79.058953,4.820,Regional station #214
33.897006,-69.734436,2.771,Regional station #215
45.616418,-121.876772,3.895,Regional station #216
34.124459,-81.542128,3.412,Regional station #217
29.893456,-80.767941,3.906,Regional station #218
42.757681,-96.831386,2.827,Regional station #219
43.122960,-111.612860,3.741,Regional station #220
25.012917,-109.385257,4.148,Regional station #221
42.958142,-88.813734,3.681,Regional station #222
42.219592,-87.045810,3.183,Regional station #223
37.575730,-90.916551,4.280,Regional station #224
29.646838,-106.564671,3.470,Regional station #225
27.254387,-104.507938,4.282,Regional station #226
38.573555,-114.073913,4.286,Regional station #227
27.744028,-82.558542,3.060,Regional station #228
27.266172,-109.780797,3.831,Regional station #229
31.346131,-75.317883,4.721,Regional station #230
31.659253,-82.630481,4.211,Regional station #231
38.186997,-109.606710,4.744,Regional station #232
47.477555,-122.784046,3.443,Regional station #233
32.544109,-112.683780,3.654,Regional station #234
46.107444,-122.198323,4.505,Regional station #235
32.260523,-122.761301,4.639,Regional station #236
31.399422,-111.940065,2.995,Regional station #237
33.629725,-116.984153,3.127,Regional station #238
30.876853,-91.980999,3.687,Regional station #239
32.168129,-94.836519,4.376,Regional station #240
42.015160,-104.778039,4.678,Regional station #241
43.594838,-92.883807,3.749,Regional station #242
32.745021,-116.191042,4.610,Regional station #243
39.295809,-118.124674,4.694,Regional station #244
45.846550,-121.668799,4.221,Regional station #245
30.597658,-94.309474,4.502,Regional station #246
33.237830,-96.341143,4.147,Regional station #247
29.519672,-89.356973,3.643,Regional station #248
48.089087,-113.271879,4.243,Regional station #249
25.967807,-108.558887,2.997,Regional station #250
28.499420,-94.710607,3.116,Regional station #251
43.677198,-118.250707,4.058,Regional station #252
45.233573,-116.601985,3.207,Regional station #253
42.975263,-97.872380,4.708,Regional station #254
32.941552,-101.810104,4.761,Regional station #255
33.080846,-70.834963,4.621,Regional station #256
29.706777,-93.754234,4.727,Regional station #257
27.758291,-77.241747,4.376,Regional station #258
42.609915,-90.757337,2.960,Regional station #259
47.522115,-117.921532,4.395,Regional station #260
41.995913,-106.201764,4.188,Regional station #261
34.648848,-82.584211,2.841,Regional station #262
46.935749,-102.547618,4.437,Regional station #263
36.082086,-79.226741,3.382,Regional station #264
37.810334,-122.125669,3.777,Regional station #265
26.860839,-76.672537,4.172,Regional station #266
34.989250,-70.400928,4.738,Regional station #267
47.483065,-119.006504,4.229,Regional station #268
42.097225,-90.476944,2.783,Regional station #269
46.710999,-99.599677,4.000,Regional station #270
44.145729,-108.501094,2.811,Regional station #271
46.699393,-108.756249,2.836,Regional station #272
28.212044,-69.282372,4.304,Regional station #273
29.932624,-115.515940,4.635,Regional station #274
40.623141,-91.725204,3.025,Regional station #275
34.712905,-71.915425,2.757,Regional station #276
34.849769,-120.391600,4.845,Regional station #277
27.452949,-71.522364,4.517,Regional station #278
42.195203,-121.196493,4.210,Regional station #279
36.584947,-96.727038,3.055,Regional station #280
37.037578,-79.789334,3.026,Regional station #281
45.588868,-100.612936,3.309,Regional station #282
30.621251,-98.442373,4.110,Regional station #283
38.391621,-74.992924,3.824,Regional station #284
37.046445,-69.604561,3.202,Regional station #285
25.389865,-105.597223,3.408,Regional station #286
27.913345,-100.710386,2.823,Regional station #287
46.639405,-97.102496,4.595,Regional station #288
41.391226,-83.723236,4.343,Regional station #289
32.088112,-83.763490,3.183,Regional station #290
38.038825,-91.054304,4.379,Regional station #291
28.942398,-104.747393,4.481,Regional station #292
43.907039,-70.202962,2.998,Regional station #293
29.938907,-117.688782,4.270,Regional station #294
42.517814,-88.178406,4.387,Regional station #295
37.124850,-92.855067,4.684,Regional station #296
40.234599,-87.748048,3.986,Regional station #297
36.606818,-82.251540,3.952,Regional station #298
28.031060,-100.290645,3.635,Regional station #299
35.158424,-92.926373,3.510,Regional station #300
34.191605,-100.236990,3.530,Regional station #301
47.839358,-118.576742,2.786,Regional station #302
41.954999,-101.960848,3.693,Regional station #303
38.907573,-103.498554,3.252,Regional station #304
25.360815,-75.877630,4.722,Regional station #305
31.719066,-98.145264,3.430,Regional station #306
26.371200,-74.850099,4.507,Regional station #307
30.664979,-109.612191,4.216,Regional station #308
43.723051,-97.903757,3.564,Regional station #309
30.487938,-79.994601,4.563,Regional station #310
45.162238,-117.266910,3.997,Regional station #311
48.152236,-84.523103,3.714,Regional station #312
28.410159,-120.202512,4.287,Regional station #313
26.612116,-79.412334,4.148,Regional station #314
36.126957,-74.909043,4.708,Regional station #315
39.489914,-118.067164,3.986,Regional station #316
34.892068,-109.897927,4.700,Regional station #317
42.161291,-116.865099,3.231,Regional station #318
33.051496,-92.275513,3.432,Regional station #319
35.330576,-79.170974,3.132,Regional station #320
41.922850,-105.479893,4.734,Regional station #321
47.367020,-105.653386,4.023,Regional station #322
27.603476,-101.131704,4.059,Regional station #323
39.996819,-104.829477,2.821,Regional station #324
27.919206,-92.953782,3.109,Regional station #325
32.193344,-89.798246,4.642,Regional station #326
37.108834,-109.620844,3.980,Regional station #327
31.477642,-80.864597,3.078,Regional station #328
31.156992,-99.594265,4.657,Regional station #329
28.887250,-113.016042,3.027,Regional station #330
30.021882,-105.392623,3.580,Regional station #331
42.851764,-101.493209,3.748,Regional station #332
34.316159,-81.305184,4.647,Regional station #333
34.999015,-73.290482,3.276,Regional station #334
47.978737,-94.868299,4.182,Regional station #335
33.961150,-108.700599,3.034,Regional station #336
45.805438,-103.903374,4.217,Regional station #337
35.827345,-94.796895,3.184,Regional station #338
29.161428,-105.174089,4.181,Regional station #339
37.768994,-123.370451,4.243,Regional station #340
35.178634,-119.742515,3.296,Regional station #341
29.973053,-78.654226,3.905,Regional station #342
32.679891,-109.952748,3.361,Regional station #343
31.582765,-104.625006,4.410,Regional station #344
43.530384,-85.452933,4.608,Regional station #345
40.367108,-117.313249,2.843,Regional station #346
28.861154,-109.434474,3.859,Regional station #347
44.318218,-91.576848,3.652,Regional station #348
30.690332,-69.996401,4.332,Regional station #349
47.415686,-123.058534,4.716,Seattle WA area
47.313483,-121.775820,3.073,Seattle WA area
47.789877,-122.561833,4.539,Seattle WA area
47.362695,-122.970860,3.228,Seattle WA area
47.973045,-121.566338,4.072,Seattle WA area
47.824346,-122.680741,3.368,Seattle WA area
45.019291,-121.902747,2.932,Portland OR area
45.650071,-122.918522,3.205,Portland OR area
45.438407,-121.989184,3.321,Portland OR area
45.112728,-122.471286,4.098,Portland OR area
45.527978,-123.191000,4.511,Portland OR area
45.048209,-123.199842,3.309,Portland OR area
37.791468,-122.457229,3.902,San Francisco CA area
38.047291,-121.788957,3.740,San Francisco CA area
37.225235,-121.890026,2.885,San Francisco CA area
37.556486,-122.990456,3.994,San Francisco CA area
38.113192,-123.013281,3.409,San Francisco CA area
38.196203,-122.116826,3.056,San Francisco CA area
34.275906,-117.773236,3.626,Los Angeles CA area
33.638551,-117.989298,3.456,Los Angeles CA area
33.612753,-118.780168,3.615,Los Angeles CA area
33.604481,-118.427516,3.898,Los Angeles CA area
34.114733,-118.397702,4.370,Los Angeles CA area
33.557609,-118.516026,4.623,Los Angeles CA area
33.152862,-116.487820,4.304,San Diego CA area
32.758597,-116.701004,3.938,San Diego CA area
32.256772,-117.552490,3.035,San Diego CA area
33.165851,-117.445851,3.624,San Diego CA area
32.761555,-117.799669,4.191,San Diego CA area
33.070381,-116.687313,4.524,San Diego CA area
35.950681,-115.707077,4.297,Las Vegas NV area
36.401726,-115.345305,3.502,Las Vegas NV area
35.754296,-114.608790,3.725,Las Vegas NV area
36.544389,-115.396243,3.460,Las Vegas NV area
36.185796,-114.746858,4.527,Las Vegas NV area
35.993791,-114.830323,3.617,Las Vegas NV area
40.172964,-104.574165,3.905,Denver CO area
39.574207,-105.352291,4.531,Denver CO area
40.100286,-105.302038,3.011,Denver CO area
39.373309,-104.247554,2.924,Denver CO area
40.111188,-104.944019,3.903,Denver CO area
39.786617,-105.133889,3.909,Denver CO area
44.485793,-92.593263,3.046,Minneapolis MN area
44.544313,-92.988978,4.068,Minneapolis MN area
45.345846,-92.956829,4.618,Minneapolis MN area
44.439845,-94.047963,3.300,Minneapolis MN area
45.312483,-93.820743,3.859,Minneapolis MN area
45.302225,-93.814988,3.852,Minneapolis MN area
42.359003,-87.233865,3.606,Chicago IL area
41.852812,-87.985225,4.675,Chicago IL area
42.217234,-87.341148,3.428,Chicago IL area
42.156292,-87.650990,4.367,Chicago IL area
41.714721,-87.019296,4.151,Chicago IL area
41.818872,-87.529423,4.379,Chicago IL area
42.366365,-82.309422,2.864,Detroit MI area
42.808109,-82.703210,3.780,Detroit MI area
42.751242,-83.607691,3.492,Detroit MI area
42.588091,-82.528387,3.559,Detroit MI area
42.924367,-82.808000,2.936,Detroit MI area
41.879178,-83.723652,3.933,Detroit MI area
38.885971,-94.960829,3.700,Kansas City MO area
38.593501,-93.924362,4.443,Kansas City MO area
39.170085,-94.667499,3.436,Kansas City MO area
39.223006,-94.823720,4.703,Kansas City MO area
39.647074,-94.215867,4.419,Kansas City MO area
38.590029,-95.180727,3.507,Kansas City MO area
29.311790,-95.493756,4.724,Houston TX area
30.161734,-94.635839,3.271,Houston TX area
29.426592,-96.132363,3.370,Houston TX area
29.228196,-95.324768,3.421,Houston TX area
29.968920,-95.272109,3.985,Houston TX area
29.520232,-94.994092,4.159,Houston TX area
33.033834,-96.843229,3.731,Dallas TX area
32.519851,-97.532856,3.735,Dallas TX area
32.916160,-97.299218,4.484,Dallas TX area
33.231508,-96.231282,4.401,Dallas TX area
32.762729,-97.315816,3.365,Dallas TX area
33.061843,-96.021616,3.061,Dallas TX area
25.169207,-80.426536,3.514,Miami FL area
25.878905,-80.812084,4.453,Miami FL area
25.567361,-79.538087,3.476,Miami FL area
25.528110,-80.710458,4.685,Miami FL area
25.869054,-79.670824,2.970,Miami FL area
25.813199,-79.818932,4.719,Miami FL area
34.272932,-85.021782,3.559,Atlanta GA area
34.347499,-84.332204,4.668,Atlanta GA area
33.453172,-85.147123,4.648,Atlanta GA area
33.465547,-84.290971,3.535,Atlanta GA area
33.842069,-83.693886,4.649,Atlanta GA area
34.201449,-84.777223,4.410,Atlanta GA area
38.329262,-77.170686,4.644,Washington DC area
38.612693,-77.249359,3.955,Washington DC area
38.591146,-76.703462,4.090,Washington DC area
38.421271,-76.364726,2.986,Washington DC area
39.143043,-77.279489,3.123,Washington DC area
38.400787,-76.240515,4.369,Washington DC area
40.663381,-73.534648,4.693,New York NY area
41.224472,-73.953956,3.372,New York NY area
40.735030,-73.235844,4.237,New York NY area
40.916526,-73.457324,3.627,New York NY area
40.783497,-73.447993,3.228,New York NY area
41.143485,-74.766629,3.870,New York NY area
42.449936,-71.624802,4.602,Boston MA area
42.287340,-71.562794,3.632,Boston MA area
42.469767,-71.172451,2.856,Boston MA area
41.870961,-70.717770,3.101,Boston MA area
42.066654,-70.566838,4.487,Boston MA area
42.818018,-71.579704,2.860,Boston MA area
40.257705,-75.006948,3.543,Philadelphia PA area
39.374830,-75.274802,3.301,Philadelphia PA area
40.058160,-74.396155,3.248,Philadelphia PA area
39.442651,-74.853958,3.055,Philadelphia PA area
39.620145,-75.262490,4.724,Philadelphia PA area
39.741797,-75.459826,3.753,Philadelphia PA area
